,public_reference,mileage,reg_code,standard_colour,standard_make,standard_model,vehicle_condition,year_of_registration,price,body_type,crossover_car_and_van,fuel_type
0,202009033285488,19756.0,65,White,BMW,X3,USED,2015.0,19650,SUV,False,Diesel
1,202007171363808,14540.0,19,Red,Vauxhall,Corsa,USED,2019.0,9499,Hatchback,False,Petrol
2,202010225303538,64572.0,55,Grey,Peugeot,407 SW,USED,2006.0,2999,Estate,False,Petrol
3,202010014430340,29500.0,67,White,Volkswagen,Polo,USED,2017.0,11196,Hatchback,False,Petrol
4,202009013170281,25000.0,66,Blue,Volkswagen,Golf,USED,2016.0,12000,Hatchback,False,Petrol
5,202009264241890,22896.0,67,Silver,Mercedes-Benz,A Class,USED,2018.0,16800,Hatchback,False,Petrol
6,202009294368099,50809.0,14,White,Citroen,C1,USED,2014.0,3499,Hatchback,False,Petrol
7,202006110022215,0.0,,Red,Jeep,Wrangler,NEW,,42498,SUV,False,Petrol
8,202006260546963,64785.0,61,Silver,Volkswagen,Polo,USED,2011.0,4995,Hatchback,False,Diesel
9,202008192678183,40000.0,65,Black,Land Rover,Range Rover Sport,USED,2016.0,36995,SUV,False,Diesel
10,202010124904589,63899.0,59,Grey,BMW,3 Series,USED,2009.0,5999,Saloon,False,Diesel
11,202010305627142,9300.0,68,Blue,MINI,Hatch,USED,2019.0,19295,Hatchback,False,Petrol
12,202010235343787,34254.0,17,Black,Volkswagen,Polo,USED,2017.0,13532,Hatchback,False,Petrol
13,202008082247153,20000.0,18,Red,Volkswagen,up!,USED,2018.0,6995,Hatchback,False,Petrol
14,202009193949091,41609.0,67,Black,Renault,Clio,USED,2017.0,7892,Hatchback,False,Petrol
15,202010084759033,90000.0,60,Beige,Renault,Grand Scenic,USED,2010.0,2675,MPV,False,Diesel
16,202010305613181,110000.0,11,Red,Toyota,RAV4,USED,2011.0,5490,SUV,False,Diesel
17,202009304407525,95000.0,61,Red,Volkswagen,Polo,USED,2011.0,5880,Hatchback,False,Petrol
18,202010165099080,144000.0,06,Black,Lexus,RX 400h,USED,2006.0,3490,SUV,False,Petrol Hybrid
19,202009284322986,46000.0,55,Blue,BMW,1 Series,USED,2005.0,11900,Hatchback,False,Petrol
20,202009214014830,142000.0,08,Silver,Mitsubishi,Grandis,USED,2008.0,1995,MPV,False,Diesel
21,202010315635286,0.0,,White,Dacia,Duster,NEW,,15095,SUV,False,
22,202008272987889,71607.0,05,Blue,Kia,Picanto,USED,2005.0,2000,Hatchback,False,Petrol
23,202010265449473,17832.0,67,White,SEAT,Leon,USED,2017.0,13980,Hatchback,False,Petrol
24,201912055063311,11292.0,19,Blue,Citroen,C3 Aircross,USED,2019.0,11990,SUV,False,Petrol
25,202010165074533,5218.0,69,Blue,Land Rover,Discovery,USED,2019.0,59995,SUV,False,Diesel
26,202009083450282,38864.0,66,Black,Audi,A3,USED,2016.0,14300,Saloon,False,Diesel
27,202010255417936,17317.0,67,White,Hyundai,Tucson,USED,2017.0,12599,SUV,False,Diesel
28,202010014438243,37000.0,66,Blue,Hyundai,i10,USED,2016.0,5795,Hatchback,False,Petrol
29,202009294357965,105000.0,62,Red,BMW,3 Series,USED,2012.0,6995,Saloon,False,Diesel
30,202009043333891,39169.0,12,White,Volkswagen,Golf,USED,2012.0,8495,Estate,False,Diesel
31,202009153752626,21075.0,19,Grey,Peugeot,3008,USED,2019.0,21450,SUV,False,Petrol
32,202003278779356,0.0,,Grey,Volvo,S60,NEW,,42217,Saloon,False,Petrol
33,202010225308512,143000.0,04,Red,Audi,TT,USED,2004.0,2500,Coupe,False,Petrol
34,202008313134298,8673.0,18,White,Audi,S1,USED,2018.0,20950,Hatchback,False,Petrol
35,202008242861983,129000.0,13,Silver,Lexus,CT 200h,USED,2013.0,5990,Hatchback,False,Petrol Hybrid
36,202009073421158,65700.0,63,Red,Volkswagen,Polo,USED,2013.0,4995,Hatchback,False,Petrol
37,202009234088964,66000.0,11,White,Peugeot,3008,USED,2011.0,4795,SUV,False,Diesel
38,202003188554349,42800.0,63,Black,Chevrolet,Trax,USED,2013.0,4850,Hatchback,False,Diesel
39,202009023215010,26937.0,16,Black,Nissan,Juke,USED,2016.0,9358,SUV,False,Petrol
40,202005319683126,84500.0,15,Black,BMW,3 Series,USED,2015.0,11500,Saloon,False,Diesel
41,202007271747781,16567.0,68,Red,Hyundai,i20,USED,2018.0,10195,Hatchback,False,Petrol
42,202010235362614,35739.0,67,Grey,Peugeot,208,USED,2017.0,8800,Hatchback,False,Petrol
43,202010305610197,9470.0,19,Blue,Peugeot,308,USED,2019.0,14495,Hatchback,False,Petrol
44,202010255425156,112713.0,16,Black,Audi,A4 Avant,USED,2016.0,8795,Estate,False,Diesel
45,202010305618153,70081.0,66,White,Mazda,CX-5,USED,2016.0,12490,SUV,False,Diesel
46,202010215254167,9115.0,69,Silver,Hyundai,i20,USED,2019.0,12000,Hatchback,False,Petrol
47,202009103551977,67000.0,11,Orange,MINI,Convertible,USED,2011.0,6990,Convertible,False,Diesel
48,202010295583369,109000.0,59,White,BMW,1 Series,USED,2009.0,3694,Hatchback,False,Petrol
49,202010305624265,68000.0,12,Black,Land Rover,Range Rover Evoque,USED,2012.0,13985,SUV,False,Diesel
50,202010265444519,25249.0,64,Blue,Toyota,AYGO,USED,2014.0,6491,Hatchback,False,Petrol
51,202009254193757,24003.0,67,Grey,Land Rover,Discovery Sport,USED,2017.0,26490,SUV,False,Diesel
52,202004209007658,3000.0,20,Red,Volkswagen,Polo,USED,2020.0,13470,Hatchback,False,Petrol
53,202009033273273,79277.0,63,Black,Mazda,Mazda3,USED,2013.0,5374,Hatchback,False,Petrol
54,202009043297631,3976.0,20,Blue,MINI,Hatch,USED,2020.0,17500,Hatchback,False,Petrol
55,202004178973139,0.0,,Grey,Renault,Clio,NEW,,20480,Hatchback,False,Diesel
56,202010054627769,80000.0,09,Blue,Renault,Megane,USED,2009.0,3500,Hatchback,False,Diesel
57,202010064676159,102700.0,12,Black,Vauxhall,Astra GTC,USED,2012.0,3995,Coupe,False,Petrol
58,202010315645812,15.0,,Grey,Audi,RS5,NEW,,77845,Hatchback,False,Petrol
59,202010225285285,1127.0,20,Blue,Volkswagen,Polo,USED,2020.0,15000,Hatchback,False,Petrol
60,202010235331507,34774.0,66,Silver,Mercedes-Benz,GLE Class,USED,2016.0,26460,SUV,False,Diesel
61,202007171364266,39000.0,15,Black,Citroen,C3,USED,2015.0,2990,Hatchback,False,Petrol
62,202010074692579,79686.0,11,Red,Peugeot,RCZ,USED,2011.0,5775,Coupe,False,Diesel
63,202010195180010,6022.0,68,Black,Kia,Rio,USED,2018.0,10495,Hatchback,False,Petrol
64,202010305618323,13000.0,68,White,Dacia,Sandero Stepway,USED,2018.0,8255,Hatchback,False,Petrol
65,202010094798737,33792.0,13,Grey,Mercedes-Benz,SLK,USED,2013.0,10995,Convertible,False,Petrol
66,202007131172487,18129.0,17,Blue,DS AUTOMOBILES,DS 3,USED,2017.0,10290,Hatchback,False,Petrol
67,202007151272999,69181.0,64,Grey,Peugeot,2008,USED,2015.0,6495,SUV,False,Diesel
68,202010024507969,27532.0,17,White,BMW,X1,USED,2017.0,16500,SUV,False,Diesel
69,202010215265643,49000.0,13,Black,Honda,Jazz,USED,2013.0,5490,Hatchback,False,Petrol
70,202010134953775,9800.0,69,Red,Jeep,Compass,USED,2019.0,25995,SUV,False,Petrol
71,202010265449872,30000.0,65,Blue,Audi,S3,USED,2015.0,21990,Hatchback,False,Petrol
72,202009193937781,10.0,,,BMW,X6,NEW,,70000,SUV,False,Petrol
73,202010225289313,25000.0,61,Silver,Volkswagen,Tiguan,USED,2011.0,9990,SUV,False,Diesel
74,202010275494798,31104.0,67,Blue,Audi,Q3,USED,2017.0,22995,SUV,False,Diesel
75,202009103554644,67800.0,62,Red,SEAT,Leon,USED,2013.0,4899,Hatchback,False,Diesel
76,202009043299735,38739.0,15,Silver,Vauxhall,Astra,USED,2015.0,4795,Hatchback,False,Petrol
77,202009244135523,19648.0,18,Blue,SKODA,Superb,USED,2018.0,17995,Hatchback,False,Petrol
78,202007231575409,39696.0,66,Black,Audi,Q3,USED,2017.0,18000,SUV,False,Diesel
79,202010225286119,13364.0,67,Silver,Mazda,CX-3,USED,2017.0,16721,SUV,False,Petrol
80,202010285544913,8000.0,68,Grey,Mercedes-Benz,X Class,USED,2018.0,39995,Pickup,True,Diesel
81,202010205228173,36678.0,15,Blue,Hyundai,i10,USED,2015.0,5895,Hatchback,False,Petrol
82,202010155052628,61000.0,63,Grey,BMW,1 Series,USED,2013.0,7995,Hatchback,False,Petrol
83,202010255425262,81262.0,66,White,BMW,3 Series,USED,2016.0,15980,Estate,False,Diesel
84,202010215269575,105000.0,59,Green,Volvo,V50,USED,2009.0,2750,Estate,False,Diesel
85,202010134947964,44000.0,62,White,Renault,Scenic,USED,2012.0,4990,MPV,False,Diesel
86,202010305626420,52963.0,13,Blue,Citroen,DS3,USED,2013.0,3999,Hatchback,False,Diesel
87,202010225293593,80000.0,64,White,BMW,5 Series,USED,2014.0,9489,Saloon,False,Diesel
88,202010034549673,6936.0,67,Beige,Hyundai,Tucson,USED,2017.0,17350,SUV,False,Petrol
89,202010014468867,51250.0,14,Black,Vauxhall,Corsa,USED,2014.0,4280,Hatchback,False,Petrol
90,202009234115630,11000.0,19,Blue,Vauxhall,Astra,USED,2019.0,11495,Estate,False,Petrol
91,202010165081449,22663.0,67,White,Audi,A1,USED,2017.0,14500,Hatchback,False,Petrol
92,202010275487135,35000.0,17,Grey,Mercedes-Benz,A Class,USED,2017.0,18166,Hatchback,False,Petrol
93,202010054638782,46803.0,14,White,BMW,X1,USED,2014.0,10489,SUV,False,Diesel
94,202009093507793,81000.0,07,Black,MINI,Hatch,USED,2007.0,3000,Hatchback,False,Petrol
95,202010054614939,23189.0,17,Grey,Volvo,S90,USED,2017.0,16970,Saloon,False,Diesel
96,202010285522680,94701.0,64,White,Dacia,Duster,USED,2014.0,4995,SUV,False,Diesel
97,202007201480663,120000.0,10,White,Audi,TT,USED,2010.0,6350,Coupe,False,Petrol
98,202008273000330,37110.0,66,Black,Audi,Q5,USED,2016.0,18699,SUV,False,Diesel
99,202010084747784,50.0,,Grey,SKODA,Kamiq,NEW,,22900,SUV,False,Petrol
100,202010215244092,0.0,,White,BMW,2 Series Gran Coupe,NEW,,33390,Saloon,False,Diesel
101,202008313125841,0.0,,White,Fiat,500,NEW,,12499,Hatchback,False,Petrol
102,202005119263637,0.0,,Grey,SKODA,Kamiq,NEW,,23795,SUV,False,Petrol
103,202010235354573,12255.0,67,Black,Volkswagen,Tiguan,USED,2017.0,26990,SUV,False,Diesel
104,202010145012708,36025.0,15,Black,Audi,Q5,USED,2015.0,15700,SUV,False,Diesel
105,202008112340705,3893.0,68,Grey,BMW,i3,USED,2018.0,23875,Hatchback,False,Electric
106,202010134953718,8.0,70,Blue,Suzuki,Ignis,USED,2020.0,10890,Hatchback,False,Petrol Hybrid
107,202010285543559,21880.0,10,Silver,MINI,Hatch,USED,2010.0,6750,Hatchback,False,Petrol
108,202010144997032,7584.0,69,Blue,Mercedes-Benz,GLE Class,USED,2020.0,52950,SUV,False,Diesel
109,202009234097741,4928.0,69,Silver,MINI,Hatch,USED,2020.0,19321,Hatchback,False,Petrol
110,202010134951704,41440.0,17,Red,Volvo,V40,USED,2017.0,12200,Hatchback,False,Petrol
111,202009264232877,10.0,,Black,BMW,7 Series,NEW,,56990,Saloon,False,Diesel
112,202010094797477,15027.0,18,Silver,Kia,Sportage,USED,2018.0,13000,SUV,False,Diesel
113,202010014436371,16.0,,Black,Nissan,Micra,NEW,,14415,Hatchback,False,Petrol
114,202009244132409,464.0,19,Silver,Honda,Jazz,USED,2019.0,15991,Hatchback,False,Petrol
115,202010275509049,21338.0,17,Black,BMW,3 Series,USED,2017.0,15100,Saloon,False,Petrol
116,202010074701515,18337.0,67,Grey,Mercedes-Benz,A Class,USED,2018.0,17000,Hatchback,False,Petrol
117,202008273003252,16033.0,17,Blue,Vauxhall,Astra,USED,2017.0,10999,Estate,False,Petrol
118,202010134951709,45184.0,15,Blue,Volkswagen,Polo,USED,2015.0,7100,Hatchback,False,Petrol
119,202009254214803,59100.0,13,Red,Vauxhall,Corsa,USED,2013.0,3999,Hatchback,False,Petrol
120,202010024516443,93890.0,10,Silver,Honda,CR-V,USED,2010.0,5995,SUV,False,Petrol
121,202009043298810,1459.0,69,Green,Citroen,C1,USED,2019.0,10395,Hatchback,False,Petrol
122,202010275473232,25000.0,66,White,BMW,5 Series,USED,2016.0,16570,Saloon,False,Diesel
123,202010165082744,5.0,20,Red,Suzuki,Swift,USED,2020.0,10491,Hatchback,False,Petrol
124,202010255417542,16320.0,68,Grey,Volkswagen,Golf,USED,2018.0,19850,Hatchback,False,Electric
125,202010195170054,54000.0,13,Grey,Mercedes-Benz,A Class,USED,2013.0,13700,Hatchback,False,Petrol
126,202010165059609,9448.0,19,Grey,Mazda,Mazda6,USED,2019.0,18495,Saloon,False,Diesel
127,202009234082003,11041.0,18,Red,SKODA,Fabia,USED,2018.0,10995,Hatchback,False,Petrol
128,202010084771998,36136.0,17,White,BMW,3 Series,USED,2017.0,18995,Saloon,False,Petrol Plug-in Hybrid
129,202010044577112,25699.0,17,Black,Vauxhall,Astra,USED,2017.0,11000,Hatchback,False,Diesel
130,202010195191041,72000.0,57,Black,Mercedes-Benz,C Class,USED,2007.0,5290,Saloon,False,Petrol
131,202009284294623,399.0,70,White,BMW,Z4,USED,2020.0,34999,Convertible,False,Petrol
132,202010175105796,12926.0,67,Blue,Hyundai,Tucson,USED,2017.0,14371,SUV,False,Petrol
133,202009193931028,109000.0,07,Red,Volkswagen,Golf,USED,2007.0,2200,Hatchback,False,Petrol
134,202009183893013,0.0,,White,BMW,2 Series Active Tourer,NEW,,36239,MPV,False,Petrol Plug-in Hybrid
135,202010275505168,65881.0,14,Silver,Mercedes-Benz,C Class,USED,2014.0,9490,Saloon,False,Diesel
136,202010144992069,11526.0,19,Grey,Citroen,C3,USED,2019.0,10850,Hatchback,False,Petrol
137,202010165068974,99000.0,58,Black,Volkswagen,Golf,USED,2008.0,8650,Hatchback,False,Petrol
138,202008142475226,16888.0,68,White,Audi,A3,USED,2018.0,17000,Hatchback,False,Diesel
139,202010285516384,19202.0,67,White,Kia,Sportage,USED,2017.0,14500,SUV,False,Petrol
140,202010205215153,35000.0,15,Blue,Jaguar,XF,USED,2015.0,14395,Saloon,False,Diesel
141,202010235354604,28000.0,67,Blue,Dacia,Sandero Stepway,USED,2017.0,7203,Hatchback,False,Petrol
142,202009173872012,11045.0,18,White,Suzuki,Celerio,USED,2018.0,5800,Hatchback,False,Petrol
143,202010295558013,19753.0,67,Grey,Vauxhall,Crossland X,USED,2017.0,9500,SUV,False,Petrol
144,202010255406219,2610.0,20,Black,MINI,Hatch,USED,2020.0,21500,Hatchback,False,Petrol
145,202010165061541,16641.0,19,Grey,SKODA,Superb,USED,2019.0,15500,Hatchback,False,Petrol
146,202010155014779,35382.0,11,Black,Mazda,MX-5,USED,2011.0,9450,Convertible,False,Petrol
147,202010084775311,14857.0,19,White,Vauxhall,Grandland X,USED,2019.0,15826,SUV,False,Petrol
148,202009254182527,18223.0,62,Black,Lexus,RX 450h,USED,2012.0,22992,SUV,False,Petrol Hybrid
149,202010295586366,23000.0,17,Red,Suzuki,Celerio,USED,2017.0,7195,Hatchback,False,Petrol
150,202010305607602,92000.0,53,Blue,Volkswagen,Polo,USED,2003.0,1495,Hatchback,False,Petrol
151,202009234103496,30000.0,64,Yellow,Nissan,Juke,USED,2014.0,8450,SUV,False,Petrol
152,201912115248752,12936.0,19,Silver,Dacia,Sandero,USED,2019.0,7995,Hatchback,False,Petrol
153,202007091046275,10.0,,Grey,SKODA,Karoq,NEW,,28645,SUV,False,Diesel
154,202009163809817,58850.0,12,Black,Alfa Romeo,MiTo,USED,2012.0,3450,Hatchback,False,Petrol
155,202010165097560,15732.0,18,Silver,Mercedes-Benz,GLE Class,USED,2018.0,29995,SUV,False,Diesel
156,202010074721401,26443.0,67,Black,Mercedes-Benz,A Class,USED,2017.0,15586,Hatchback,False,Petrol
157,202010225314533,60893.0,66,Grey,Porsche,911,USED,2016.0,66990,Convertible,False,Petrol
158,202009143700720,44000.0,66,White,Renault,Clio,USED,2016.0,6995,Hatchback,False,Petrol
159,202009304387095,17.0,20,Green,Citroen,C1,USED,2020.0,8750,Hatchback,False,Petrol
160,202010305597309,4718.0,20,Grey,Volkswagen,Golf,USED,2020.0,22000,Hatchback,False,Petrol
161,202010265448938,87070.0,16,Blue,BMW,5 Series,USED,2016.0,11295,Saloon,False,Diesel
162,202009043319203,37213.0,64,Silver,Volvo,V70,USED,2014.0,11495,Estate,False,Diesel
163,201804185679277,112500.0,53,Black,Volkswagen,Golf,USED,2003.0,7989,Hatchback,False,Petrol
164,202010064659311,5.0,,Blue,SKODA,Fabia,NEW,,15523,Hatchback,False,Petrol
165,202008192698524,8349.0,19,White,Kia,Niro,USED,2019.0,22995,SUV,False,Petrol Plug-in Hybrid
166,202010044574733,22087.0,19,Black,Peugeot,308,USED,2019.0,12000,Hatchback,False,Petrol
167,202010054604409,30000.0,66,Blue,Jaguar,XF,USED,2016.0,22995,Saloon,False,Petrol
168,202008112358677,126756.0,11,Blue,BMW,5 Series,USED,2011.0,4980,Estate,False,Diesel
169,202009304401902,21683.0,68,White,Suzuki,Ignis,USED,2018.0,9461,Hatchback,False,Petrol
170,202010175128801,18401.0,17,Grey,Audi,Q2,USED,2017.0,17900,SUV,False,Diesel
171,202006250518904,2000.0,20,Grey,Kia,Optima,USED,2020.0,25450,Estate,False,Petrol
172,202008122375638,47474.0,64,Silver,Vauxhall,Astra,USED,2015.0,6898,Hatchback,False,Diesel
173,202009304397980,37000.0,62,Purple,Peugeot,107,USED,2012.0,3375,Hatchback,False,Petrol
174,202010034551943,14571.0,17,Red,Peugeot,108,USED,2017.0,6250,Hatchback,False,Petrol
175,202010054603077,31362.0,66,White,Audi,A1,USED,2016.0,14500,Hatchback,False,Diesel
176,202009183893099,29455.0,62,Blue,Mazda,Mazda2,USED,2012.0,5395,Hatchback,False,Petrol
177,202010265454207,1500.0,69,Red,Mazda,Mazda3,USED,2019.0,23995,Hatchback,False,Petrol
178,202006240471882,23259.0,18,Red,Vauxhall,Crossland X,USED,2018.0,11000,SUV,False,Diesel
179,202010134952683,52900.0,63,Bronze,Volvo,V40 Cross Country,USED,2013.0,8250,Hatchback,False,Diesel
180,202010295567688,51537.0,16,Red,Toyota,Yaris,USED,2016.0,10195,Hatchback,False,Petrol Hybrid
181,202010215262417,31000.0,66,White,DS AUTOMOBILES,DS 3,USED,2017.0,7250,Hatchback,False,Petrol
182,202009183905492,39650.0,67,Black,MINI,Countryman,USED,2017.0,15995,SUV,False,Petrol
183,202010205216279,15894.0,67,Yellow,Nissan,Juke,USED,2017.0,12795,SUV,False,Petrol
184,202009173853661,32000.0,63,Silver,Mercedes-Benz,CLA Class,USED,2013.0,14995,Coupe,False,Petrol
185,202010165072233,22.0,,Black,Hyundai,Tucson,NEW,,23595,SUV,False,Petrol
186,202010104828768,3124.0,69,Grey,Nissan,Qashqai,USED,2019.0,19490,SUV,False,Petrol
187,202010134940817,10712.0,68,Brown,Dacia,Duster,USED,2018.0,12980,SUV,False,Petrol
188,202009264223700,18408.0,69,Blue,Hyundai,Tucson,USED,2019.0,16495,SUV,False,Petrol
189,202007171352183,59000.0,10,Black,Vauxhall,Corsa,USED,2010.0,3295,Hatchback,False,Petrol
190,202010265448494,43000.0,64,Silver,Mazda,Mazda2,USED,2014.0,5995,Hatchback,False,Petrol
191,202009304389024,11265.0,68,Bronze,Toyota,Auris,USED,2018.0,18400,Estate,False,Petrol Hybrid
192,202002067009081,6933.0,69,White,Hyundai,Ioniq,USED,2019.0,15900,Hatchback,False,Petrol Hybrid
193,202008112362906,0.0,,Silver,Volkswagen,T-Roc,NEW,,21671,SUV,False,Petrol
194,202005189388153,42000.0,63,Red,Peugeot,107,USED,2014.0,3900,Hatchback,False,Petrol
195,202009113590326,36621.0,63,Red,Toyota,Yaris,USED,2013.0,5900,Hatchback,False,Petrol
196,202007241658259,50734.0,64,Red,Vauxhall,Astra GTC,USED,2014.0,5946,Coupe,False,Petrol
197,202010235367435,109060.0,12,Grey,Volkswagen,Passat,USED,2012.0,3999,Saloon,False,Diesel
198,201910263711926,100.0,70,Orange,Renault,Clio,USED,2020.0,13991,Hatchback,False,Petrol
199,202009254207829,15778.0,17,White,Nissan,Leaf,USED,2017.0,13495,Hatchback,False,Electric
200,202010265448660,25000.0,65,Yellow,Kia,Rio,USED,2015.0,6750,Hatchback,False,Petrol
201,202009244132806,12655.0,19,White,Vauxhall,Corsa,USED,2019.0,9695,Hatchback,False,Petrol
202,202006170211537,86000.0,63,Black,Mazda,CX-5,USED,2013.0,8800,SUV,False,Diesel
203,202005229477119,35170.0,62,Silver,Mercedes-Benz,S Class,USED,2012.0,16500,Saloon,False,Diesel
204,201912295646635,9683.0,69,Multicolour,Volkswagen,Golf,USED,2019.0,29688,Hatchback,False,Petrol
205,202003047995963,26053.0,66,Red,Toyota,AYGO,USED,2016.0,5390,Hatchback,False,Petrol
206,202009234121233,2411.0,68,White,Dacia,Sandero,USED,2018.0,7489,Hatchback,False,Petrol
207,202008132434291,71000.0,17,Silver,Toyota,Auris,USED,2017.0,11995,Estate,False,Petrol Hybrid
208,202005139311298,62000.0,16,Grey,SKODA,Fabia,USED,2016.0,6679,Estate,False,Petrol
209,202009013167773,1500.0,20,Grey,SKODA,Octavia,USED,2020.0,24750,Estate,False,Petrol
210,202010255413770,86000.0,11,Black,Smart,fortwo,USED,2011.0,2500,Coupe,False,Diesel
211,202008182641918,10858.0,68,Silver,Citroen,C3 Aircross,USED,2018.0,9995,SUV,False,Petrol
212,202010245374887,46762.0,64,Red,Nissan,Qashqai,USED,2014.0,10579,SUV,False,Petrol
213,202007151260677,11680.0,19,Grey,Vauxhall,Insignia,USED,2019.0,14495,Hatchback,False,Petrol
214,202009163810985,21889.0,67,White,Vauxhall,Astra,USED,2018.0,10143,Hatchback,False,Petrol
215,202010104840256,119758.0,56,Red,Audi,TT,USED,2006.0,4395,Coupe,False,Petrol
216,202009304415903,19450.0,17,Black,Renault,Clio,USED,2017.0,8300,Hatchback,False,Petrol
217,202010285523059,15000.0,18,Grey,Land Rover,Range Rover Sport,USED,2018.0,62000,SUV,False,Diesel
218,202007091022982,13394.0,16,Blue,BMW,2 Series,USED,2016.0,18100,Coupe,False,Petrol
219,202009183913398,54833.0,64,Black,Renault,Clio,USED,2014.0,5395,Hatchback,False,Petrol
220,202005209426286,0.0,,Grey,Jaguar,XF,NEW,,40262,Saloon,False,Diesel
221,202009113607172,59920.0,67,Blue,SEAT,Ateca,USED,2018.0,12000,SUV,False,Diesel
222,202010064674003,64873.0,65,Silver,Volkswagen,Passat,USED,2015.0,8950,Saloon,False,Diesel
223,202010305596467,10.0,70,Black,Jaguar,E-PACE,USED,2020.0,39980,SUV,False,Diesel
224,202008142493102,116824.0,13,White,BMW,1 Series,USED,2013.0,5795,Hatchback,False,Diesel
225,202009043292807,7945.0,68,Grey,Jaguar,E-PACE,USED,2018.0,31440,SUV,False,Diesel
226,202010315642351,16000.0,16,Blue,Hyundai,i10,USED,2016.0,5990,Hatchback,False,Petrol
227,202010155056658,104000.0,54,Black,Subaru,Impreza,USED,2004.0,12700,Saloon,False,Petrol
228,202010225303111,87727.0,13,Grey,Land Rover,Freelander 2,USED,2013.0,13699,SUV,False,Diesel
229,202008283029439,6300.0,18,Bronze,Peugeot,3008,USED,2018.0,20499,SUV,False,Petrol
230,202007091042901,37738.0,14,White,BMW,2 Series,USED,2014.0,14390,Coupe,False,Diesel
231,202010114879261,27000.0,17,Grey,Land Rover,Discovery Sport,USED,2017.0,28950,SUV,False,Diesel
232,202010084744657,27102.0,66,Grey,Vauxhall,Insignia,USED,2016.0,10492,Estate,False,Diesel
233,202009254184511,30869.0,15,White,Audi,A1,USED,2015.0,11850,Hatchback,False,Petrol
234,202004168963901,20.0,,Red,Jaguar,F-Type,NEW,,53805,Coupe,False,Petrol
235,202010225293383,13697.0,69,Grey,Vauxhall,Grandland X,USED,2019.0,18450,SUV,False,Petrol
236,202009153766393,65000.0,13,Grey,Land Rover,Range Rover Evoque,USED,2013.0,15995,SUV,False,Diesel
237,202010014455080,14900.0,15,Silver,SKODA,Yeti,USED,2015.0,10495,SUV,False,Petrol
238,202010084774746,20064.0,18,Blue,Toyota,C-HR,USED,2018.0,17947,SUV,False,Petrol Hybrid
239,202010084771293,10.0,,Black,Audi,A5,NEW,,46054,Hatchback,False,Petrol
240,202009203975605,80692.0,65,Blue,Audi,A3,USED,2015.0,10800,Hatchback,False,Diesel
241,202010225304044,1000.0,20,Blue,SKODA,Kamiq,USED,2020.0,20495,SUV,False,Petrol
242,202009123634048,89500.0,03,Blue,BMW,3 Series,USED,2003.0,4000,Convertible,False,Petrol
243,202008242882964,552.0,69,Black,Audi,A4,USED,2019.0,28990,Saloon,False,Diesel
244,202010175121553,98523.0,07,Silver,Toyota,Auris,USED,2007.0,1195,Hatchback,False,Diesel
245,202007311942911,12695.0,18,Grey,Audi,A3,USED,2018.0,15500,Hatchback,False,Petrol
246,202010245383748,7880.0,67,White,Hyundai,i10,USED,2017.0,7500,Hatchback,False,Petrol
247,202010175117025,129594.0,09,Black,Audi,TT,USED,2009.0,4700,Coupe,False,Petrol
248,202008102325702,7999.0,20,Grey,Nissan,Qashqai,USED,2020.0,23995,SUV,False,Diesel
249,202008252917926,8009.0,19,White,Land Rover,Discovery Sport,USED,2019.0,32390,SUV,False,Diesel
250,202008242864716,0.0,,Grey,BMW,X3 M,NEW,,74484,SUV,False,Petrol
251,202008172587230,22673.0,18,White,SEAT,Arona,USED,2018.0,14390,SUV,False,Petrol
252,202010315635440,24745.0,17,Silver,Vauxhall,Astra,USED,2017.0,10500,Hatchback,False,Diesel
253,202005309662446,4000.0,18,Red,Ferrari,488,USED,2018.0,159000,Coupe,False,Petrol
254,202009173860295,52727.0,64,Blue,Vauxhall,Meriva,USED,2014.0,4500,MPV,False,Petrol
255,202010094792090,66028.0,54,Gold,MINI,Convertible,USED,2004.0,2500,Convertible,False,Petrol
256,202010235359153,70000.0,59,Black,Land Rover,Range Rover,USED,2010.0,19950,SUV,False,Petrol
257,202007030807957,16023.0,17,Grey,SEAT,Ibiza,USED,2017.0,7995,Hatchback,False,Petrol
258,202009224068317,45271.0,62,White,BMW,6 Series,USED,2012.0,16484,Coupe,False,Diesel
259,202010285545252,19743.0,67,Grey,Renault,Clio,USED,2017.0,9298,Hatchback,False,Diesel
260,202001095955619,3000.0,70,White,Volkswagen,Polo,USED,2020.0,15999,Hatchback,False,Petrol
261,202010265453212,8000.0,20,Black,Hyundai,Ioniq,USED,2020.0,21999,Hatchback,False,Petrol Hybrid
262,202010094790728,8847.0,67,White,Nissan,Qashqai,USED,2017.0,15995,SUV,False,Diesel
263,202008252928874,30000.0,13,Grey,Volvo,XC60,USED,2013.0,13960,SUV,False,Diesel
264,202008112367622,49000.0,65,Blue,Land Rover,Range Rover,USED,2016.0,38990,SUV,False,Diesel
265,202005149315913,0.0,,Red,Alfa Romeo,Giulia,NEW,,31500,Saloon,False,Petrol
266,202010295555965,38000.0,08,Black,Vauxhall,Corsa,USED,2008.0,1990,Hatchback,False,Diesel
267,202009053348804,21169.0,67,White,BMW,2 Series Active Tourer,USED,2017.0,16700,MPV,False,Diesel
268,202007050877792,40000.0,17,Black,BMW,3 Series,USED,2017.0,15975,Saloon,False,Diesel
269,202009294347241,77000.0,11,Grey,Land Rover,Range Rover Sport,USED,2011.0,14495,SUV,False,Diesel
270,202010034545597,18553.0,18,White,Mazda,Mazda2,USED,2018.0,8950,Hatchback,False,Petrol
271,202010155050862,9015.0,67,Grey,Citroen,C3,USED,2017.0,8500,Hatchback,False,Petrol
272,202008102299360,28000.0,14,White,Bentley,Continental,USED,2014.0,59450,Coupe,False,Petrol
273,202010295580472,135000.0,55,Blue,Vauxhall,Astra,USED,2005.0,695,Hatchback,False,Diesel
274,202008152517522,69677.0,12,Black,Vauxhall,Corsa,USED,2012.0,3995,Hatchback,False,Diesel
275,202010215248823,54394.0,61,White,Mercedes-Benz,E Class,USED,2011.0,10900,Convertible,False,Diesel
276,202006240454884,0.0,,Blue,Fiat,Tipo,NEW,,18075,Estate,False,Petrol
277,202009143700791,75000.0,17,Black,Vauxhall,Astra,USED,2017.0,7299,Hatchback,False,Diesel
278,202009193930703,17840.0,17,Silver,Toyota,C-HR,USED,2017.0,19700,SUV,False,Petrol Hybrid
279,202010064670353,84317.0,14,,Infiniti,M,USED,2014.0,8495,Saloon,False,Petrol Hybrid
280,202009173835165,8643.0,19,Grey,Volkswagen,Passat,USED,2019.0,19990,Saloon,False,Petrol
281,202009093513642,71100.0,13,Grey,BMW,5 Series,USED,2013.0,11989,Saloon,False,Diesel
282,202009224039741,51000.0,62,Black,Audi,A5 Cabriolet,USED,2012.0,11500,Convertible,False,Diesel
283,202010064648536,16580.0,19,White,Volkswagen,Passat,USED,2019.0,18000,Estate,False,Petrol
284,202010265456951,89000.0,60,Blue,Land Rover,Range Rover Sport,USED,2010.0,12475,SUV,False,Diesel
285,202008011959696,39000.0,15,Grey,Mercedes-Benz,C Class,USED,2015.0,16750,Saloon,False,Diesel
286,202010144994905,26296.0,67,Black,Land Rover,Range Rover Evoque,USED,2017.0,23200,SUV,False,Diesel
287,202010074718516,26681.0,60,Blue,Toyota,Auris,USED,2010.0,5995,Hatchback,False,Petrol
288,202010024520431,13000.0,67,Red,Toyota,AYGO,USED,2017.0,6295,Hatchback,False,Petrol
289,202008273005448,92278.0,63,Red,Vauxhall,Insignia,USED,2013.0,3950,Hatchback,False,Diesel
290,202008132441707,37646.0,62,Blue,MINI,Hatch,USED,2012.0,8990,Hatchback,False,Petrol
291,202009093514445,22000.0,67,Grey,Peugeot,3008,USED,2017.0,15350,SUV,False,Petrol
292,202006019712050,43000.0,66,Black,Porsche,Cayenne,USED,2016.0,33990,SUV,False,Diesel
293,202010034542203,97789.0,57,Blue,Vauxhall,Corsa,USED,2007.0,1495,Hatchback,False,Petrol
294,202001286657609,41000.0,63,White,Bentley,Continental,USED,2014.0,53995,Coupe,False,Petrol
295,202010144987228,3430.0,69,Grey,BMW,X2,USED,2019.0,28720,SUV,False,Petrol
296,202010235366027,20204.0,17,Silver,Toyota,C-HR,USED,2017.0,15201,SUV,False,Petrol
297,202006290665744,0.0,,Grey,Volvo,V90 Cross Country,NEW,,50410,Estate,False,Petrol
298,202009093534581,39842.0,67,White,Volkswagen,Polo,USED,2017.0,9500,Hatchback,False,Petrol
299,202010114865360,58000.0,W,Blue,Volkswagen,Polo,USED,2000.0,1495,Hatchback,False,Petrol
300,202010285542588,124000.0,61,Black,Volkswagen,Golf,USED,2011.0,4650,Hatchback,False,Diesel
301,201912175416790,71000.0,14,Blue,Citroen,C3,USED,2014.0,4695,Hatchback,False,Diesel
302,202009294359873,24102.0,66,Black,Audi,Q2,USED,2017.0,16995,SUV,False,Petrol
303,202009063379472,2324.0,69,White,Kia,Picanto,USED,2019.0,8094,Hatchback,False,Petrol
304,202007311937902,403.0,20,Grey,Mazda,Mazda3,USED,2020.0,23000,Hatchback,False,Petrol
305,202006190315589,32000.0,15,Blue,Toyota,Yaris,USED,2015.0,9995,Hatchback,False,Petrol Hybrid
306,202010144983632,0.0,,Blue,Jaguar,I-PACE,NEW,,73995,SUV,False,Electric
307,202010225322537,7289.0,69,Red,Citroen,C5 Aircross,USED,2019.0,17999,SUV,False,Petrol
308,202010144978778,44477.0,62,Red,Nissan,Qashqai,USED,2013.0,8792,Hatchback,False,Petrol
309,202010215275851,9952.0,17,White,Audi,A1,USED,2017.0,12999,Hatchback,False,Petrol
310,202010084770771,29917.0,66,Black,Audi,A5,USED,2016.0,20000,Coupe,False,Diesel
311,202008052133282,13191.0,18,Red,SKODA,Fabia,USED,2018.0,11499,Hatchback,False,Petrol
312,202010064666631,52000.0,15,Grey,Nissan,Juke,USED,2015.0,7695,SUV,False,Petrol
313,202010225287309,74000.0,58,Grey,Renault,Koleos,USED,2009.0,3289,SUV,False,Diesel
314,202009304400861,27239.0,67,Grey,MINI,Hatch,USED,2017.0,11000,Hatchback,False,Petrol
315,202010165089205,23255.0,13,White,Nissan,Juke,USED,2013.0,7190,SUV,False,Petrol
316,202010205222852,34742.0,67,White,Kia,Rio,USED,2017.0,9250,Hatchback,False,Petrol
317,202010155020720,36450.0,64,White,MINI,Convertible,USED,2014.0,7900,Convertible,False,Petrol
318,202010014432724,0.0,,Grey,Fiat,500X,NEW,,22553,SUV,False,Petrol
319,202009244152507,74742.0,14,White,Vauxhall,Mokka,USED,2014.0,6495,Hatchback,False,Petrol
320,202006110020483,42000.0,64,Red,Audi,A3,USED,2015.0,13295,Hatchback,False,Petrol
321,202010285519542,12789.0,18,White,BMW,X1,USED,2018.0,21790,SUV,False,Petrol
322,202010235349524,74900.0,66,Black,Audi,A1,USED,2016.0,9150,Hatchback,False,Petrol
323,202009193927380,29480.0,66,Blue,Nissan,Qashqai,USED,2016.0,9500,SUV,False,Diesel
324,202007091046015,60000.0,64,Silver,Renault,Megane,USED,2015.0,5700,Hatchback,False,Diesel
325,202010195168983,10667.0,17,Silver,MINI,Hatch,USED,2017.0,11995,Hatchback,False,Petrol
326,202009083454822,82592.0,16,Black,Vauxhall,Astra,USED,2016.0,6256,Hatchback,False,Diesel
327,202010315642949,41001.0,16,Blue,Mercedes-Benz,C Class,USED,2016.0,19495,Coupe,False,Petrol
328,202010014457325,13612.0,17,Blue,BMW,i3,USED,2017.0,19900,Hatchback,False,Petrol Hybrid
329,202009163797775,10.0,,White,Audi,Q2,NEW,,24845,SUV,False,Petrol
330,202007091025481,16394.0,17,Blue,Vauxhall,Astra,USED,2017.0,11995,Hatchback,False,Petrol
331,202009224076616,22000.0,16,White,Volkswagen,Polo,USED,2016.0,8495,Hatchback,False,Petrol
332,202009214010718,11000.0,18,Blue,Audi,S6 Saloon,USED,2018.0,34950,Saloon,False,Petrol
333,202009284316012,66000.0,66,Black,Mercedes-Benz,E Class,USED,2016.0,15850,Saloon,False,Diesel
334,202010245398785,82763.0,11,Red,Hyundai,i30,USED,2011.0,2990,Hatchback,False,Diesel
335,202010054606841,84000.0,08,Blue,Land Rover,Range Rover Sport,USED,2008.0,7990,SUV,False,Diesel
336,202009093514016,50.0,70,Silver,Mercedes-Benz,X Class,USED,2020.0,49995,Pickup,True,Diesel
337,202010265456404,51844.0,66,White,Mitsubishi,Outlander,USED,2016.0,16999,SUV,False,Petrol Plug-in Hybrid
338,202008182618295,40000.0,63,Red,Vauxhall,Corsa,USED,2014.0,4395,Hatchback,False,Petrol
339,202007161306782,99000.0,62,Grey,BMW,1 Series,USED,2012.0,5395,Hatchback,False,Diesel
340,202010084767164,72000.0,65,Black,BMW,1 Series,USED,2015.0,10750,Hatchback,False,Petrol
341,202010014474707,71000.0,06,Blue,BMW,3 Series,USED,2006.0,5295,Saloon,False,Diesel
342,202010315643833,94000.0,53,Blue,Volkswagen,Polo,USED,2003.0,690,Hatchback,False,Petrol
343,202009304378397,71009.0,60,Silver,Citroen,C3 Picasso,USED,2010.0,3995,MPV,False,Diesel
344,202010295567133,125500.0,60,White,Volvo,C30,USED,2010.0,3299,Coupe,False,Diesel
345,202007091054388,6249.0,20,Blue,SEAT,Arona,USED,2020.0,16804,SUV,False,Petrol
346,202009163806120,17000.0,18,Silver,Mercedes-Benz,A Class,USED,2018.0,17695,Hatchback,False,Petrol
347,202009214011199,63678.0,14,Blue,BMW,3 Series,USED,2014.0,14700,Estate,False,Diesel
348,202010024520555,42785.0,18,White,SEAT,Leon,USED,2018.0,10289,Estate,False,Diesel
349,202003098205687,29000.0,12,Black,Mercedes-Benz,C Class,USED,2012.0,10255,Saloon,False,Diesel
350,202010285528382,103000.0,V,Blue,BMW,5 Series,USED,2000.0,1950,Saloon,False,Petrol
351,202009244157755,52158.0,,Green,Volvo,122,USED,1961.0,13000,Saloon,False,Petrol
352,202010145002793,366.0,70,Silver,Land Rover,Range Rover Evoque,USED,2020.0,46844,SUV,False,Diesel
353,202010295583032,68000.0,14,Black,Vauxhall,Corsa,USED,2014.0,3895,Hatchback,False,Petrol
354,202009113604892,44378.0,63,Black,Porsche,911,USED,2013.0,78300,Coupe,False,Petrol
355,202010275483488,110000.0,52,Black,Toyota,Corolla,USED,2002.0,795,Hatchback,False,Petrol
356,202010265461632,68000.0,51,Silver,Toyota,Yaris,USED,2001.0,795,Hatchback,False,Petrol
357,202010225310444,41032.0,V,Silver,Aston Martin,DB7,USED,2000.0,29000,Convertible,False,Petrol
358,202007281801123,11181.0,16,Multicolour,Toyota,Yaris,USED,2016.0,8975,Hatchback,False,Petrol
359,202010134927146,46687.0,64,White,Citroen,C1,USED,2014.0,5000,Hatchback,False,Petrol
360,202010094815774,13539.0,67,White,Kia,Picanto,USED,2018.0,7550,Hatchback,False,Petrol
361,202009294374845,70000.0,63,White,Hyundai,ix35,USED,2013.0,6791,SUV,False,Diesel
362,202010225288258,33000.0,05,Blue,Peugeot,407,USED,2005.0,1495,Saloon,False,Petrol
363,202008252911668,5156.0,19,Blue,SKODA,Octavia,USED,2019.0,15495,Hatchback,False,Diesel
364,202009244159041,3063.0,20,Grey,MINI,Hatch,USED,2020.0,17295,Hatchback,False,Petrol
365,202010295582446,125000.0,60,Grey,BMW,X1,USED,2010.0,4490,SUV,False,Diesel
366,202007151279662,4616.0,68,Grey,Mercedes-Benz,E Class,USED,2018.0,35850,Estate,False,Diesel
367,202007030827740,9953.0,17,Blue,Citroen,C1,USED,2017.0,6795,Convertible,False,Petrol
368,202009153740391,0.0,,Red,Renault,Clio,NEW,,17700,Hatchback,False,Petrol
369,202010144972922,44362.0,17,Blue,SKODA,Yeti,USED,2017.0,11995,SUV,False,Petrol
370,202003118293658,22964.0,67,Silver,BMW,X1,USED,2018.0,20200,SUV,False,Diesel
371,202007081021965,55000.0,09,Silver,Nissan,Micra,USED,2009.0,995,Hatchback,False,Petrol
372,202010024489422,25000.0,17,,Land Rover,Range Rover Sport,USED,2017.0,78990,SUV,False,Petrol
373,202010084770254,46000.0,15,Silver,SKODA,Fabia,USED,2015.0,7790,Hatchback,False,Petrol
374,202010054610988,100064.0,57,Grey,Citroen,Xsara Picasso,USED,2007.0,750,MPV,False,Petrol
375,202008132417526,3491.0,69,Red,Fiat,Tipo,USED,2019.0,11990,Estate,False,Petrol
376,202008293091785,4203.0,20,Green,Land Rover,Defender 110,USED,2020.0,48922,SUV,False,Diesel
377,202010014443680,10.0,70,Silver,MINI,Convertible,USED,2020.0,22990,Convertible,False,Petrol
378,202009163787452,10.0,70,Orange,Vauxhall,Corsa,USED,2020.0,25000,Hatchback,False,Electric
379,202010074727790,52000.0,16,Multicolour,BMW,i8,USED,2016.0,42000,Coupe,False,Petrol Plug-in Hybrid
380,202009304422965,29097.0,65,Purple,Volkswagen,Scirocco,USED,2015.0,10300,Coupe,False,Petrol
381,202010165072509,21489.0,17,Purple,Citroen,C3 Picasso,USED,2017.0,8995,MPV,False,Diesel
382,202009123661198,11100.0,20,Silver,Toyota,Corolla,USED,2020.0,24000,Hatchback,False,Petrol Hybrid
383,202010235365053,116000.0,04,Blue,Toyota,RAV4,USED,2004.0,2500,SUV,False,Diesel
384,202010295558725,17696.0,67,White,Hyundai,Santa Fe,USED,2017.0,27290,SUV,False,Diesel
385,202008262946046,145000.0,12,White,BMW,3 Series,USED,2012.0,4990,Saloon,False,Diesel
386,202002097128642,5591.0,69,Grey,Jaguar,E-PACE,USED,2020.0,36980,SUV,False,Diesel
387,202008293077587,92021.0,65,Grey,SKODA,Octavia,USED,2015.0,7494,Estate,False,Diesel
388,202010134933782,12950.0,68,Blue,Audi,A1,USED,2019.0,19000,Hatchback,False,Petrol
389,202009224037732,66500.0,10,Red,Renault,Clio,USED,2010.0,2295,Hatchback,False,Petrol
390,202010305616699,107291.0,61,Silver,Audi,A4 Avant,USED,2011.0,6000,Estate,False,Diesel
391,202010275498619,4599.0,69,White,Kia,Sportage,USED,2020.0,18499,SUV,False,Petrol
392,202009023235275,37700.0,65,Black,Audi,A6 Saloon,USED,2015.0,17195,Saloon,False,Diesel
393,202009264240888,48500.0,16,Black,Porsche,Cayenne,USED,2016.0,39995,SUV,False,Petrol Plug-in Hybrid
394,202008252908973,19000.0,18,Grey,Vauxhall,Corsa,USED,2018.0,7999,Hatchback,False,Petrol
395,202010185142779,46700.0,66,Grey,Audi,A3,USED,2016.0,14120,Hatchback,False,Diesel
396,202010195171283,44000.0,15,Grey,Volkswagen,Passat,USED,2015.0,9995,Saloon,False,Diesel
397,202009304383772,0.0,,Red,Fiat,500,NEW,,15300,Hatchback,False,Petrol
398,202009043313607,16508.0,18,Red,MINI,Hatch,USED,2018.0,13000,Hatchback,False,Petrol
399,202010054625307,9601.0,66,Grey,MINI,Clubman,USED,2017.0,15500,Estate,False,Petrol
400,202010265446971,4861.0,69,Blue,Volvo,XC60,USED,2019.0,34340,SUV,False,Diesel
401,202010014443335,28800.0,58,Black,Audi,R8,USED,2008.0,39995,Coupe,False,Petrol
402,202010134967343,63125.0,07,Blue,SKODA,Fabia,USED,2007.0,1850,Estate,False,Diesel
403,201911044012268,153000.0,05,Black,BMW,6 Series,USED,2005.0,4987,Convertible,False,Petrol
404,202009113620657,1651.0,20,Black,Volkswagen,up!,USED,2020.0,9900,Hatchback,False,Petrol
405,202010074693916,100.0,70,Orange,Dacia,Duster,USED,2020.0,12290,SUV,False,Petrol
406,202010124896478,5590.0,65,Yellow,Alfa Romeo,4C,USED,2015.0,37490,Convertible,False,Petrol
407,202010295558269,26324.0,66,Silver,Mercedes-Benz,A Class,USED,2017.0,17800,Hatchback,False,Diesel
408,202004038849127,3000.0,20,Blue,Audi,Q2,USED,2020.0,26499,SUV,False,Petrol
409,202007221555726,17736.0,66,Grey,Volvo,XC60,USED,2016.0,19800,SUV,False,Diesel
410,202003278779250,0.0,,Grey,Volvo,V60 Cross Country,NEW,,45875,Estate,False,Petrol
411,202010084759845,82000.0,12,Blue,Volvo,XC90,USED,2012.0,11990,SUV,False,Diesel
412,202007010736873,280.0,69,Orange,Lotus,Elise,USED,2019.0,45000,Convertible,False,Petrol
413,202008032028693,28000.0,65,Blue,Audi,A1,USED,2015.0,13900,Hatchback,False,Petrol
414,202009083479350,54802.0,16,Blue,Mercedes-Benz,A Class,USED,2016.0,12895,Hatchback,False,Diesel
415,202009213994433,24889.0,16,Silver,Citroen,C4 Cactus,USED,2016.0,7990,Hatchback,False,Diesel
416,202008142489865,1000.0,69,White,Hyundai,Kona,USED,2020.0,23000,SUV,False,Petrol
417,202010315645162,133000.0,07,Black,BMW,X3,USED,2007.0,2995,SUV,False,Diesel
418,202010014440428,26091.0,65,White,Aston Martin,DB9,USED,2016.0,79900,Convertible,False,Petrol
419,202010165071784,54147.0,58,Black,Vauxhall,Astra,USED,2008.0,2790,Convertible,False,Petrol
420,202009244157313,16455.0,17,Silver,Renault,Megane,USED,2017.0,11672,Estate,False,Diesel
421,202009113624904,52200.0,60,Silver,Renault,Clio,USED,2010.0,4700,Hatchback,False,Petrol
422,202009183914894,53000.0,60,Grey,BMW,3 Series,USED,2010.0,8495,Coupe,False,Petrol
423,202010165062381,140100.0,54,Green,Land Rover,Discovery 3,USED,2005.0,1999,SUV,False,Diesel
424,202008242864125,66400.0,17,Black,Jaguar,XE,USED,2017.0,14299,Saloon,False,Diesel
425,202006290634971,50000.0,65,Black,BMW,1 Series,USED,2015.0,9879,Hatchback,False,Diesel
426,202010074695828,12000.0,68,Silver,Mercedes-Benz,GLA Class,USED,2018.0,22000,SUV,False,Petrol
427,202010034560809,10.0,,Blue,SKODA,Fabia,NEW,,19465,Estate,False,Petrol
428,202009254189924,9757.0,68,Grey,Volkswagen,Polo,USED,2018.0,10990,Hatchback,False,Petrol
429,202009224042076,144000.0,13,White,BMW,1 Series,USED,2013.0,10500,Hatchback,False,Petrol
430,202010094816174,6956.0,18,White,DS AUTOMOBILES,DS 3,USED,2018.0,9790,Hatchback,False,Petrol
431,202010165062962,4853.0,69,Black,Volkswagen,T-Cross,USED,2020.0,18995,SUV,False,Diesel
432,202008272992105,20082.0,67,White,Volvo,XC90,USED,2018.0,30995,SUV,False,Diesel
433,202009254191614,32941.0,66,Red,Vauxhall,Insignia,USED,2016.0,9630,Estate,False,Diesel
434,202007070938068,3699.0,69,Black,Kia,Niro,USED,2020.0,20499,SUV,False,Petrol Hybrid
435,202010064644586,181422.0,65,Silver,Mercedes-Benz,S Class,USED,2015.0,15295,Saloon,False,Diesel
436,202010155046820,65000.0,63,Red,BMW,1 Series,USED,2014.0,7490,Hatchback,False,Diesel
437,202010034557102,52932.0,64,Black,Nissan,Qashqai,USED,2014.0,9495,SUV,False,Diesel
438,202009123650102,0.0,,Red,Mazda,CX-5,NEW,,29730,SUV,False,Petrol
439,202009224042812,15502.0,18,White,SEAT,Ibiza,USED,2018.0,11480,Hatchback,False,Petrol
440,202009224051862,13190.0,68,Green,Peugeot,2008,USED,2018.0,13400,SUV,False,Diesel
441,202010205222278,71491.0,67,Black,Volvo,XC90,USED,2017.0,26036,SUV,False,Diesel
442,202010225287463,5704.0,19,White,Vauxhall,Crossland X,USED,2019.0,12800,SUV,False,Petrol
443,202009143699873,55650.0,14,Grey,BMW,5 Series,USED,2014.0,13500,Saloon,False,Diesel
444,202009244169905,12566.0,68,Grey,Mercedes-Benz,C Class,USED,2019.0,26589,Coupe,False,Petrol
445,202009304403592,0.0,,Blue,Renault,Captur,NEW,,23400,SUV,False,Petrol
446,202009173849484,62017.0,59,White,Toyota,iQ,USED,2009.0,2989,Hatchback,False,Petrol
447,202010305593884,11745.0,17,White,SEAT,Ibiza,USED,2017.0,9300,Hatchback,False,Diesel
448,202010245393405,32000.0,16,Blue,Citroen,C1,USED,2016.0,4500,Convertible,False,Petrol
449,202009163795743,26000.0,17,Blue,Nissan,Juke,USED,2017.0,10000,SUV,False,Petrol
450,202002267755201,0.0,,White,Peugeot,2008,NEW,,27860,SUV,False,Petrol
451,202010265442727,57000.0,63,White,Volkswagen,Golf,USED,2013.0,8750,Hatchback,False,Diesel
452,202010315659146,90000.0,63,White,Jaguar,XF,USED,2013.0,8495,Saloon,False,Diesel
453,202010305603897,105500.0,12,White,Audi,A5,USED,2012.0,8500,Hatchback,False,Diesel
454,202009143710732,13023.0,67,Silver,MINI,Countryman,USED,2017.0,18230,SUV,False,Petrol
455,202010245386904,146000.0,17,Black,Mercedes-Benz,E Class,USED,2017.0,12995,Saloon,False,Diesel
456,202008202724464,34000.0,17,Black,Nissan,Leaf,USED,2017.0,12295,Hatchback,False,Electric
457,202009254186140,41000.0,18,Red,Mazda,Mazda3,USED,2018.0,10990,Hatchback,False,Petrol
458,202010285513947,2000.0,70,Black,SEAT,Tarraco,USED,2020.0,32495,SUV,False,Petrol
459,202007141213269,61000.0,58,White,BMW,X5,USED,2008.0,14500,SUV,False,Diesel
460,202010074716793,15923.0,18,Silver,Mercedes-Benz,A Class,USED,2018.0,16620,Hatchback,False,Diesel
461,202008152524819,2597.0,69,Grey,BMW,1 Series,USED,2020.0,24750,Hatchback,False,Diesel
462,202009294331917,23000.0,67,Black,Volkswagen,Polo,USED,2017.0,10850,Hatchback,False,Petrol
463,202008262949255,12813.0,67,Blue,SKODA,Octavia,USED,2017.0,11980,Estate,False,Petrol
464,202006150146017,0.0,,Blue,SKODA,Kamiq,NEW,,24009,SUV,False,Petrol
465,202010034545830,35345.0,18,Grey,Vauxhall,Corsa,USED,2018.0,9000,Hatchback,False,Petrol
466,202007161326833,0.0,,Silver,Audi,E-Tron,NEW,,92675,SUV,False,Electric
467,202010175113072,114000.0,56,Silver,Volkswagen,Sharan,USED,2006.0,2650,MPV,False,Diesel
468,202010295572404,46000.0,09,Black,Volkswagen,Golf,USED,2009.0,5300,Hatchback,False,Petrol
469,202007311933308,6784.0,19,Blue,Volvo,S60,USED,2019.0,24390,Saloon,False,Petrol
470,202002127236343,7011.0,69,Black,Mercedes-Benz,C Class,USED,2019.0,28399,Estate,False,Diesel
471,202010195175766,299.0,70,Black,BMW,2 Series Active Tourer,USED,2020.0,27989,MPV,False,Diesel
472,202010024498009,153000.0,61,Blue,Porsche,Cayenne,USED,2011.0,12250,SUV,False,Diesel
473,202009214009994,50000.0,61,Grey,Volkswagen,Scirocco,USED,2011.0,7979,Coupe,False,Diesel
474,202008011958769,60000.0,60,Silver,Volkswagen,Eos,USED,2010.0,6650,Convertible,False,Diesel
475,202010275474120,26637.0,18,Black,Land Rover,Discovery,USED,2018.0,44960,SUV,False,Diesel
476,202009294351664,35760.0,67,White,Audi,Q2,USED,2017.0,17500,SUV,False,Petrol
477,202010054601810,53168.0,63,Grey,Nissan,Qashqai+2,USED,2013.0,9150,SUV,False,Petrol
478,202009123637063,43655.0,67,Grey,Volkswagen,Polo,USED,2017.0,10979,Hatchback,False,Petrol
479,202009254198781,62000.0,57,Red,MINI,Convertible,USED,2007.0,3495,Convertible,False,Petrol
480,202004178978775,105000.0,53,Blue,Honda,Accord,USED,2003.0,1695,Saloon,False,Petrol
481,202009163812844,10039.0,18,,Suzuki,Vitara,USED,2018.0,16499,SUV,False,Petrol
482,202006180249360,0.0,,Grey,Fiat,Tipo,NEW,,16100,Hatchback,False,Petrol
483,202009284310691,31977.0,13,Black,Mercedes-Benz,C Class,USED,2013.0,24495,Coupe,False,Petrol
484,202009193935719,55125.0,15,White,Toyota,Prius,USED,2015.0,13700,Hatchback,False,Petrol Plug-in Hybrid
485,202007091036860,5.0,,White,Hyundai,Kona,NEW,,18150,SUV,False,Petrol
486,202010245400912,22000.0,66,Silver,MINI,Hatch,USED,2016.0,13500,Hatchback,False,Petrol
487,202007221561380,328.0,69,Black,Mercedes-Benz,A Class,USED,2020.0,22480,Hatchback,False,Petrol
488,202008062171311,15948.0,68,Silver,Kia,Sportage,USED,2018.0,18500,SUV,False,Diesel
489,202008283027725,1698.0,19,Black,Ferrari,488,USED,2019.0,182950,Coupe,False,Petrol
490,202008172584281,77287.0,15,Grey,Volkswagen,Tiguan,USED,2015.0,9490,SUV,False,Diesel
491,202009183911333,34928.0,18,Silver,Fiat,Tipo,USED,2018.0,7999,Estate,False,Petrol
492,202010305628795,79000.0,11,Grey,Mercedes-Benz,E Class,USED,2011.0,5999,Coupe,False,Diesel
493,202010024529453,23550.0,67,Black,Kia,Sportage,USED,2017.0,11800,SUV,False,Diesel
494,202009113610723,61870.0,67,Grey,Audi,A6 Avant,USED,2018.0,16600,Estate,False,Diesel
495,202010235330641,39243.0,17,Silver,Mercedes-Benz,E Class,USED,2017.0,19000,Saloon,False,Diesel
496,202007281791418,31500.0,64,Grey,Toyota,Verso,USED,2014.0,10990,MPV,False,Petrol
497,202009304383419,0.0,,White,Fiat,500,NEW,,15100,Hatchback,False,Petrol
498,202009234127302,129000.0,56,Silver,Volkswagen,Polo,USED,2006.0,2800,Hatchback,False,Petrol
499,202003278770076,12329.0,19,Red,Peugeot,Traveller,USED,2019.0,25495,MPV,True,Diesel
500,202008252925844,5990.0,18,White,Porsche,911,USED,2018.0,134990,Coupe,False,Petrol
501,202009043295517,4951.0,69,Black,SKODA,Scala,USED,2019.0,14790,Hatchback,False,Petrol
502,202010124920837,76000.0,H,Blue,Nissan,Figaro,USED,2008.0,6500,Convertible,False,Petrol
503,202010295567565,37000.0,65,Blue,Mazda,CX-3,USED,2015.0,10000,SUV,False,Petrol
504,202003138400243,12795.0,18,Black,Suzuki,Ignis,USED,2018.0,9995,Hatchback,False,Petrol
505,202006230424001,30000.0,62,White,Nissan,Qashqai,USED,2013.0,8975,SUV,False,Petrol
506,202009033283117,18428.0,19,Black,Peugeot,308,USED,2019.0,12799,Hatchback,False,Petrol
507,202009153756526,21273.0,17,White,Nissan,Juke,USED,2017.0,11695,SUV,False,Petrol
508,202009043309852,40000.0,66,Red,Vauxhall,Corsa,USED,2016.0,5490,Hatchback,False,Petrol
509,202010144997062,20951.0,67,Black,Land Rover,Range Rover Evoque,USED,2017.0,24730,SUV,False,Diesel
510,202009224045739,10348.0,17,Blue,Volkswagen,Beetle,USED,2017.0,13999,Hatchback,False,Diesel
511,202009284323124,24950.0,18,Blue,Toyota,Auris,USED,2018.0,13995,Hatchback,False,Petrol Hybrid
512,202009274272776,5.0,70,Black,Hyundai,Ioniq,USED,2020.0,28311,Hatchback,False,Petrol Plug-in Hybrid
513,202010265434134,113759.0,57,Silver,Vauxhall,Zafira,USED,2007.0,1395,MPV,False,Petrol
514,202010255415802,32154.0,07,Blue,Volkswagen,Polo,USED,2007.0,3999,Hatchback,False,Petrol
515,202006270592427,68000.0,09,Black,BMW,6 Series,USED,2009.0,12995,Convertible,False,Petrol
516,202010175102472,31298.0,66,Blue,Audi,Q5,USED,2016.0,21625,SUV,False,Diesel
517,202008122390614,100000.0,61,Silver,SKODA,Fabia,USED,2011.0,2795,Hatchback,False,Diesel
518,202010084765889,12110.0,65,Grey,Peugeot,Partner Tepee,USED,2015.0,7690,MPV,False,Diesel
519,202009224075736,0.0,,White,Volvo,XC90,NEW,,55975,SUV,False,Diesel Hybrid
520,202006270574127,0.0,,Grey,Volvo,XC60,NEW,,52789,SUV,False,Petrol Plug-in Hybrid
521,202010094819177,65000.0,55,Black,BMW,M6,USED,2005.0,16800,Coupe,False,Petrol
522,202010145013394,98000.0,55,Silver,Kia,Sportage,USED,2005.0,2495,SUV,False,Petrol
523,202011015677826,9780.0,65,Multicolour,Abarth,595,USED,2015.0,10600,Hatchback,False,Petrol
524,202010305618705,0.0,,White,Peugeot,208,NEW,,19749,Hatchback,False,Petrol
525,202010265442699,17000.0,18,White,Mercedes-Benz,E Class,USED,2018.0,30850,Coupe,False,Petrol
526,202009153744404,18516.0,67,White,Renault,Clio,USED,2017.0,8995,Hatchback,False,Petrol
527,202009294340740,6700.0,19,White,Mercedes-Benz,E Class,USED,2019.0,49995,Coupe,False,Petrol
528,202010265449819,11000.0,68,Black,Mercedes-Benz,C Class,USED,2018.0,41995,Coupe,False,Petrol
529,202010165076291,10.0,,Grey,Volkswagen,Golf SV,NEW,,23245,MPV,False,Petrol
530,202010305612104,33850.0,67,Grey,Mercedes-Benz,E Class,USED,2017.0,26995,Coupe,False,Diesel
531,202009053349447,18460.0,67,Black,Citroen,C3,USED,2017.0,9248,Hatchback,False,Petrol
532,202010094786130,34401.0,65,White,Volkswagen,Passat,USED,2015.0,12000,Saloon,False,Diesel
533,202010315640205,34402.0,17,Grey,Volvo,V40,USED,2017.0,9990,Hatchback,False,Petrol
534,202010144973373,7181.0,19,Black,Mercedes-Benz,C Class,USED,2019.0,26999,Saloon,False,Diesel
535,202008283027624,16839.0,19,Red,Hyundai,i10,USED,2019.0,8500,Hatchback,False,Petrol
536,202010285521893,79000.0,64,Blue,BMW,1 Series,USED,2014.0,7995,Hatchback,False,Diesel
537,202010024495520,5.0,70,Grey,Hyundai,Ioniq,USED,2020.0,24999,Hatchback,False,Petrol Hybrid
538,202010305622572,75000.0,14,White,Infiniti,Q50,USED,2014.0,11995,Saloon,False,Petrol Hybrid
539,202008252919236,37847.0,66,White,Mazda,Mazda3,USED,2016.0,11695,Hatchback,False,Petrol
540,202009214007774,21400.0,18,Grey,Vauxhall,Grandland X,USED,2018.0,14295,SUV,False,Petrol
541,202010285546246,59882.0,17,Black,Volkswagen,Golf,USED,2017.0,11483,Hatchback,False,Petrol
542,202010054631961,26824.0,18,White,Kia,Ceed,USED,2018.0,8770,Hatchback,False,Petrol
543,202010315649934,86709.0,11,White,Toyota,Auris,USED,2011.0,3490,Hatchback,False,Petrol
544,202010245396225,12600.0,65,White,Audi,A3,USED,2015.0,16800,Hatchback,False,Petrol
545,202010024490700,48215.0,11,White,Audi,TT,USED,2011.0,10000,Coupe,False,Petrol
546,202008112331917,3950.0,69,Black,Honda,Civic,USED,2019.0,19490,Hatchback,False,Petrol
547,202009113612944,42524.0,15,White,Volkswagen,Golf,USED,2015.0,9995,Hatchback,False,Petrol
548,202010245392265,91000.0,57,Orange,Nissan,Note,USED,2007.0,1690,Hatchback,False,Petrol
549,202007231587050,56336.0,14,Blue,Kia,Rio,USED,2014.0,4690,Hatchback,False,Petrol
550,202010315638196,140000.0,58,Red,Audi,A3,USED,2009.0,2795,Hatchback,False,Petrol
551,202010175103590,39993.0,66,Grey,BMW,5 Series,USED,2016.0,16475,Estate,False,Diesel
552,202010305614002,66187.0,14,White,SKODA,Roomster,USED,2014.0,5290,MPV,False,Diesel
553,202010014442108,60000.0,60,Grey,Volkswagen,Scirocco,USED,2011.0,8495,Coupe,False,Petrol
554,202010175120903,84100.0,09,Silver,Mercedes-Benz,C Class,USED,2009.0,4995,Saloon,False,Petrol
555,202010124900234,5.0,,Yellow,Suzuki,Ignis,NEW,,17964,Hatchback,False,Petrol Hybrid
556,202010295585354,114450.0,,Silver,Saab,9-5,USED,2007.0,1485,Saloon,False,Petrol
557,202010315654872,64700.0,02,Blue,Bentley,Arnage,USED,2002.0,22495,Saloon,False,Petrol
558,202009244131999,12558.0,19,Grey,Jeep,Compass,USED,2019.0,16830,SUV,False,Diesel
559,202009294332515,50076.0,66,Grey,Volvo,XC60,USED,2016.0,17480,SUV,False,Diesel
560,202010185137307,97679.0,08,Black,BMW,1 Series,USED,2008.0,2795,Hatchback,False,Petrol
561,202010305599539,20567.0,67,Grey,Vauxhall,Zafira Tourer,USED,2017.0,12500,MPV,False,Petrol
562,202010215259983,57000.0,10,Grey,Jaguar,XKR,USED,2010.0,22750,Convertible,False,Petrol
563,202010014461157,50000.0,66,Grey,Mitsubishi,Outlander,USED,2016.0,17690,SUV,False,Petrol Plug-in Hybrid
564,202010155031648,105321.0,60,Red,Alfa Romeo,Giulietta,USED,2010.0,3100,Hatchback,False,Petrol
565,202010215261241,89684.0,R,Silver,Mercedes-Benz,SLK,USED,1998.0,1789,Convertible,False,Petrol
566,202010195196833,0.0,,Silver,Volvo,XC90,NEW,,53638,SUV,False,Diesel Hybrid
567,202010134957406,33769.0,63,White,Volvo,XC60,USED,2014.0,15995,SUV,False,Diesel
568,202008182637308,54000.0,60,White,Renault,Megane,USED,2010.0,9295,Coupe,False,Petrol
569,202009073434273,26778.0,17,Black,BMW,2 Series,USED,2017.0,16475,Convertible,False,Petrol
570,202006019712537,104000.0,13,Black,Vauxhall,Astra,USED,2013.0,3295,Hatchback,False,Diesel
571,202008232838031,27001.0,14,Grey,Vauxhall,Mokka,USED,2014.0,7290,Hatchback,False,Petrol
572,202008162549118,48000.0,09,,Volkswagen,Eos,USED,2009.0,6275,Convertible,False,Diesel
573,202008283040066,90000.0,16,Black,Land Rover,Range Rover Evoque,USED,2016.0,21891,SUV,False,Petrol
574,202008032048698,87181.0,64,Blue,BMW,5 Series,USED,2014.0,10695,Saloon,False,Diesel
575,202010175108345,39170.0,65,Red,Volvo,V40,USED,2015.0,8990,Hatchback,False,Petrol
576,202010225302809,61689.0,62,Red,Audi,A5,USED,2012.0,10290,Hatchback,False,Petrol
577,202003128302114,23675.0,17,Black,Citroen,Grand C4 Picasso,USED,2017.0,11300,MPV,False,Diesel
578,202007030838257,49000.0,15,Green,Vauxhall,Corsa,USED,2015.0,4499,Hatchback,False,Petrol
579,202009043328376,3000.0,70,Silver,Volkswagen,Polo,USED,2020.0,15990,Hatchback,False,Petrol
580,202010124908629,10.0,,White,Volkswagen,T-Roc,NEW,,24750,SUV,False,Petrol
581,202010195175976,41273.0,63,,Toyota,AYGO,USED,2013.0,4500,Hatchback,False,Petrol
582,202010305606990,85788.0,06,Silver,Mercedes-Benz,SLK,USED,2006.0,3995,Convertible,False,Petrol
583,202010235331306,32500.0,17,Grey,Toyota,C-HR,USED,2017.0,18900,SUV,False,Petrol Hybrid
584,202010295585719,23438.0,19,Grey,Peugeot,2008,USED,2019.0,9995,SUV,False,Petrol
585,202008212767957,61137.0,15,White,Audi,A3,USED,2015.0,10150,Saloon,False,Diesel
586,202009274259433,86000.0,58,Silver,MINI,Hatch,USED,2008.0,3497,Hatchback,False,Petrol
587,202010285543508,80487.0,63,Grey,Vauxhall,Astra,USED,2013.0,4595,Estate,False,Diesel
588,202008052133792,48434.0,12,Grey,Mazda,Mazda3,USED,2012.0,5225,Hatchback,False,Petrol
589,202009264225925,9327.0,17,Grey,Hyundai,ix20,USED,2017.0,10500,MPV,False,Petrol
590,202010175131158,43000.0,08,Black,Subaru,Forester,USED,2008.0,8995,SUV,False,Petrol
591,202004188989734,3800.0,12,Red,Ferrari,599,USED,2012.0,299950,Coupe,False,Petrol
592,202010235329910,43670.0,17,Silver,SKODA,Yeti,USED,2017.0,12000,SUV,False,Diesel
593,202009294340139,19149.0,67,Red,Peugeot,108,USED,2017.0,6254,Hatchback,False,Petrol
594,202008293066153,3000.0,69,Red,Peugeot,3008,USED,2020.0,39990,SUV,False,Petrol Plug-in Hybrid
595,202010185136719,107000.0,63,Black,Mercedes-Benz,M Class,USED,2013.0,14495,SUV,False,Diesel
596,202010124912847,27889.0,16,Black,BMW,4 Series,USED,2016.0,18500,Coupe,False,Diesel
597,202006109996074,15184.0,18,White,Honda,Jazz,USED,2018.0,9770,Hatchback,False,Petrol
598,202010094786577,16846.0,17,Black,DS AUTOMOBILES,DS 3,USED,2017.0,9298,Hatchback,False,Petrol
599,202008112340874,9415.0,19,Black,Audi,A1,USED,2019.0,21500,Hatchback,False,Petrol
600,202009244160046,62596.0,62,Silver,Mercedes-Benz,C Class,USED,2012.0,9199,Coupe,False,Petrol
601,202009103561939,51550.0,15,Brown,Hyundai,i20,USED,2015.0,7500,Hatchback,False,Petrol
602,202007271740998,8000.0,68,Grey,BMW,2 Series Gran Tourer,USED,2018.0,15850,MPV,False,Petrol
603,202006220381695,19870.0,19,Blue,BMW,7 Series,USED,2019.0,40950,Saloon,False,Petrol
604,202007261717000,47000.0,62,Red,Vauxhall,Corsa,USED,2013.0,5295,Hatchback,False,Petrol
605,202010064667307,4970.0,69,Blue,MINI,Hatch,USED,2019.0,17990,Hatchback,False,Petrol
606,202010024509424,0.0,,White,Hyundai,Kona,NEW,,38815,SUV,False,Electric
607,202008182619455,31671.0,68,Silver,Vauxhall,Astra,USED,2019.0,11600,Hatchback,False,Petrol
608,202002267733232,9203.0,69,White,Volkswagen,Golf,USED,2019.0,30338,Hatchback,False,Petrol
609,202010064670585,7510.0,18,Grey,SEAT,Leon,USED,2018.0,12990,Hatchback,False,Petrol
610,202009183917218,37772.0,65,Blue,Jaguar,XF,USED,2015.0,12800,Saloon,False,Diesel
611,202010134942483,13500.0,69,Grey,Land Rover,Range Rover Sport,USED,2019.0,60429,SUV,False,Diesel
612,202010064679062,1666.0,20,Grey,Volkswagen,Tiguan,USED,2020.0,29250,SUV,False,Petrol
613,202010255413511,33779.0,62,Black,Nissan,Juke,USED,2012.0,6500,SUV,False,Petrol
614,202010024510842,23100.0,67,White,Renault,Clio,USED,2017.0,7490,Hatchback,False,Petrol
615,202010265431372,25000.0,15,Black,Volkswagen,up!,USED,2015.0,5600,Hatchback,False,Petrol
616,202009193947968,39889.0,64,Red,Toyota,AYGO,USED,2014.0,5295,Hatchback,False,Petrol
617,202009163809171,10.0,70,Red,Renault,Zoe,USED,2020.0,25000,Hatchback,False,Electric
618,202008172600934,3000.0,G,Silver,Honda,Civic,USED,1989.0,12750,Hatchback,False,Petrol
619,202009304416768,31711.0,15,Grey,Peugeot,208,USED,2015.0,5500,Hatchback,False,Petrol
620,202009013190686,29000.0,55,Silver,Mercedes-Benz,SL Class,USED,2005.0,15000,Convertible,False,Petrol
621,202008262952780,51000.0,17,Blue,BMW,2 Series,USED,2017.0,15995,Convertible,False,Diesel
622,202010285525902,82000.0,62,Blue,Land Rover,Range Rover Evoque,USED,2012.0,13480,SUV,False,Diesel
623,202010034557307,62000.0,12,Brown,MINI,Hatch,USED,2012.0,4350,Hatchback,False,Diesel
624,202010315641747,57000.0,65,Black,Volkswagen,CC,USED,2015.0,9799,Saloon,False,Diesel
625,202010155024614,63000.0,64,Green,Land Rover,Freelander 2,USED,2014.0,13970,SUV,False,Diesel
626,202009093497722,9196.0,68,White,Vauxhall,Crossland X,USED,2018.0,13982,SUV,False,Petrol
627,202009023237880,74000.0,17,White,Audi,SQ5,USED,2017.0,27700,SUV,False,Diesel
628,202009274279407,75000.0,65,Grey,Volkswagen,Golf,USED,2015.0,11980,Hatchback,False,Petrol
629,202009183878759,27939.0,66,Red,Nissan,Juke,USED,2016.0,11995,SUV,False,Petrol
630,202006260560594,53000.0,63,Black,Mercedes-Benz,CLS,USED,2013.0,11250,Estate,False,Diesel
631,202009254217094,4567.0,68,Orange,McLaren,600LT,USED,2019.0,139990,Coupe,False,Petrol
632,202005089233629,75201.0,51,Green,Subaru,Impreza,USED,2001.0,3999,Hatchback,False,Petrol
633,202010064666459,4270.0,20,White,Peugeot,308,USED,2020.0,16250,Hatchback,False,Petrol
634,202010265445438,122698.0,05,Silver,Vauxhall,Astra,USED,2005.0,500,Hatchback,False,Petrol
635,202009264240282,20502.0,18,Red,SEAT,Arona,USED,2018.0,13495,SUV,False,Petrol
636,202007171374685,1707.0,20,White,Mercedes-Benz,A Class,USED,2020.0,25737,Hatchback,False,Diesel
637,202009254192941,92365.0,13,Black,Nissan,Juke,USED,2013.0,6499,SUV,False,Petrol
638,202009113598897,9500.0,64,Silver,SKODA,Roomster,USED,2014.0,7499,MPV,False,Diesel
639,202010295561720,78000.0,10,Blue,Vauxhall,Astra,USED,2010.0,2795,Hatchback,False,Petrol
640,202010285526202,56665.0,62,Grey,Audi,A4 Avant,USED,2013.0,12646,Estate,False,Diesel
641,202009123636873,17913.0,67,Red,Vauxhall,Mokka X,USED,2017.0,11797,SUV,False,Petrol
642,202006300699368,92915.0,07,Black,Audi,RS4 Cabriolet,USED,2007.0,11999,Convertible,False,Petrol
643,202009023210861,6389.0,19,Grey,Citroen,C5 Aircross,USED,2019.0,21795,SUV,False,Diesel
644,202010275501152,59424.0,12,White,Toyota,Yaris,USED,2012.0,5200,Hatchback,False,Petrol
645,202010185154304,25000.0,66,Red,Volkswagen,Golf,USED,2016.0,18750,Hatchback,False,Petrol
646,202009163827780,32075.0,67,White,Peugeot,108,USED,2018.0,6291,Hatchback,False,Petrol
647,202010064648348,23640.0,19,White,BMW,3 Series,USED,2019.0,23500,Estate,False,Petrol
648,201907109921593,58000.0,59,Silver,Jeep,Compass,USED,2009.0,5000,SUV,False,Petrol
649,202010285528247,51927.0,67,Grey,Land Rover,Range Rover Evoque,USED,2018.0,30990,SUV,False,Diesel
650,202010034557469,115249.0,60,Silver,SKODA,Octavia,USED,2010.0,4990,Estate,False,Diesel
651,202010235333560,0.0,,Grey,Jeep,Wrangler,NEW,,49850,SUV,False,Petrol
652,202010034542398,48756.0,17,Blue,Vauxhall,Insignia,USED,2017.0,11300,Hatchback,False,Diesel
653,202010225300749,12852.0,18,Black,Kia,Optima,USED,2018.0,12794,Estate,False,Diesel
654,202008072228596,58000.0,61,Black,Mercedes-Benz,C Class,USED,2012.0,8200,Saloon,False,Petrol
655,202010165073027,15970.0,16,Black,BMW,X1,USED,2016.0,17599,SUV,False,Diesel
656,202001186299824,27801.0,65,Red,Fiat,500X,USED,2015.0,8910,SUV,False,Petrol
657,202010225317712,13996.0,68,Grey,Mercedes-Benz,CLA Class,USED,2019.0,21500,Coupe,False,Petrol
658,202010255413211,105000.0,61,Black,Audi,A5,USED,2011.0,8190,Coupe,False,Diesel
659,202009274277648,16000.0,18,Silver,Audi,A1,USED,2018.0,13500,Hatchback,False,Diesel
660,202009284290927,15950.0,18,Black,Audi,A1,USED,2018.0,17990,Hatchback,False,Petrol
661,202007201464033,50202.0,17,Grey,BMW,3 Series,USED,2017.0,12903,Saloon,False,Diesel
662,202009213992737,10.0,,White,Jeep,Renegade,NEW,,19499,SUV,False,Petrol
663,202009153740143,18556.0,17,Red,Vauxhall,Corsa,USED,2017.0,6785,Hatchback,False,Petrol
664,202010315655518,45427.0,09,Black,Mercedes-Benz,C Class,USED,2009.0,5485,Saloon,False,Petrol
665,202007291837866,47309.0,66,Grey,BMW,5 Series,USED,2016.0,16995,Saloon,False,Diesel
666,202010315639231,45000.0,15,Silver,Vauxhall,Corsa,USED,2015.0,5000,Hatchback,False,Petrol
667,202010215270658,18193.0,68,White,Land Rover,Discovery Sport,USED,2018.0,29990,SUV,False,Diesel
668,202007301866696,39682.0,17,White,Audi,A4,USED,2017.0,14600,Saloon,False,Diesel
669,202008303112717,107000.0,10,Grey,Suzuki,SX4,USED,2010.0,1895,Hatchback,False,Petrol
670,202010305612182,84000.0,61,Black,Nissan,Qashqai,USED,2011.0,3995,SUV,False,Diesel
671,202010305600997,18000.0,15,,Aston Martin,DB9,USED,2015.0,65000,Convertible,False,Petrol
672,202010155043157,2350.0,70,Grey,Audi,Q3,USED,2020.0,38795,SUV,False,Diesel
673,202009083445541,29998.0,17,Silver,Kia,Sportage,USED,2017.0,16500,SUV,False,Diesel
674,202010104855759,138000.0,11,Black,Vauxhall,Zafira,USED,2011.0,1645,MPV,False,Petrol
675,202009224071918,86200.0,62,White,BMW,X6,USED,2012.0,16500,SUV,False,Diesel
676,202010054610877,38432.0,17,Black,Vauxhall,Astra,USED,2017.0,8527,Hatchback,False,Diesel
677,202010225306177,51000.0,61,Black,Vauxhall,Insignia,USED,2011.0,6189,Saloon,False,Diesel
678,202010175104996,10298.0,69,Red,Vauxhall,Crossland X,USED,2019.0,14295,SUV,False,Petrol
679,202010315648582,27333.0,66,Blue,Audi,A3,USED,2016.0,17990,Saloon,False,Petrol
680,202009294358760,20251.0,67,Black,BMW,X1,USED,2017.0,22445,SUV,False,Diesel
681,202010074692499,10.0,70,Silver,Suzuki,Swift,USED,2020.0,9980,Hatchback,False,Petrol Hybrid
682,202003148415909,55485.0,14,Black,Vauxhall,Corsa,USED,2014.0,5375,Hatchback,False,Petrol
683,202009284316984,11231.0,19,Red,Jaguar,E-PACE,USED,2019.0,29995,SUV,False,Diesel
684,202010225314606,15759.0,19,Silver,Mercedes-Benz,A Class,USED,2019.0,19480,Hatchback,False,Diesel
685,202009043323675,40900.0,64,Black,SKODA,Rapid,USED,2014.0,6650,Hatchback,False,Petrol
686,202006099970186,101000.0,16,Black,Mercedes-Benz,C Class,USED,2016.0,11100,Saloon,False,Diesel
687,202007271759587,106000.0,10,Grey,SKODA,Octavia,USED,2010.0,3950,Estate,False,Diesel
688,202010235331155,35698.0,16,Grey,Nissan,Juke,USED,2016.0,9000,SUV,False,Diesel
689,202009023209787,17625.0,18,Black,Vauxhall,Corsa,USED,2018.0,10000,Hatchback,False,Petrol
690,202008222797733,51000.0,62,Black,SEAT,Ibiza,USED,2012.0,5500,Hatchback,False,Petrol
691,202009153751700,61609.0,13,Grey,Mercedes-Benz,A Class,USED,2013.0,8750,Hatchback,False,Diesel
692,202010295560884,34000.0,59,Silver,Vauxhall,Corsa,USED,2009.0,3495,Hatchback,False,Diesel
693,202010134953350,68000.0,58,Black,BMW,Z4,USED,2008.0,6495,Convertible,False,Petrol
694,202008202718996,11554.0,66,Black,Hyundai,i30,USED,2017.0,12995,Hatchback,False,Diesel
695,202010225285862,36340.0,16,Blue,Volkswagen,Golf,USED,2016.0,18880,Hatchback,False,Petrol
696,202010014452303,28055.0,15,Red,Land Rover,Discovery Sport,USED,2015.0,21290,SUV,False,Diesel
697,202010265450089,0.0,,Black,Renault,Clio,NEW,,19700,Hatchback,False,Petrol
698,202009143724446,1000.0,70,Black,Audi,A3,USED,2020.0,28390,Hatchback,False,Diesel
699,202007241628979,50.0,20,Black,Audi,A1,USED,2020.0,23000,Hatchback,False,Petrol
700,202010195161238,42000.0,15,Black,Citroen,C4 Cactus,USED,2015.0,7195,Hatchback,False,Petrol
701,202008072195131,25100.0,67,Blue,Vauxhall,Astra,USED,2017.0,11000,Hatchback,False,Diesel
702,202008162546506,2115.0,20,White,Lexus,ES 300h,USED,2020.0,37990,Saloon,False,Petrol Hybrid
703,202010084748865,10.0,70,Blue,SKODA,Citigo,USED,2020.0,20990,Hatchback,False,Electric
704,202010225306422,69000.0,11,Black,Nissan,Qashqai+2,USED,2011.0,6495,SUV,False,Diesel
705,202010155050999,100000.0,58,Silver,Vauxhall,Corsa,USED,2008.0,1500,Hatchback,False,Petrol
706,202010275471960,19431.0,66,White,Fiat,500,USED,2016.0,6795,Hatchback,False,Petrol
707,202008242861940,42000.0,63,Black,Toyota,AYGO,USED,2013.0,2750,Hatchback,False,Petrol
708,202010195162912,9738.0,68,Grey,Citroen,C3,USED,2018.0,10250,Hatchback,False,Petrol
709,202007010716665,0.0,,Multicolour,Fiat,500L,NEW,,20010,MPV,False,Petrol
710,202006120058074,22371.0,17,Red,Toyota,Yaris,USED,2017.0,10970,Hatchback,False,Petrol Hybrid
711,201905077681188,14338.0,68,Blue,Vauxhall,Grandland X,USED,2018.0,14799,SUV,False,Diesel
712,202009284295109,41673.0,17,Black,Volkswagen,Golf,USED,2017.0,17668,Hatchback,False,Diesel
713,202010114865863,55000.0,64,Black,Mercedes-Benz,S Class,USED,2015.0,22949,Saloon,False,Diesel
714,202009244152888,142000.0,K,Red,Mercedes-Benz,CE Class,USED,1993.0,3495,Coupe,False,Petrol
715,202010014425985,37500.0,66,Grey,Vauxhall,Astra,USED,2017.0,9500,Hatchback,False,Diesel
716,202009083479032,10.0,,Silver,Audi,E-Tron,NEW,,68880,SUV,False,Electric
717,202009294353126,0.0,,Red,Mitsubishi,Mirage,NEW,,11090,Hatchback,False,Petrol
718,202010165093422,93914.0,12,,Mitsubishi,ASX,USED,,5495,SUV,False,Diesel
719,202010205209976,10.0,,Silver,Nissan,Juke,NEW,,22684,SUV,False,Petrol
720,202010225292919,47000.0,65,Red,BMW,1 Series,USED,2015.0,10390,Hatchback,False,Petrol
721,202009083454045,42000.0,G,Red,Saab,900,USED,1990.0,9195,Convertible,False,Petrol
722,202008202726727,27564.0,16,Black,Mercedes-Benz,SLK,USED,2016.0,14390,Convertible,False,Diesel
723,202010155032047,81440.0,12,Black,Toyota,AYGO,USED,2012.0,2695,Hatchback,False,Petrol
724,202009093512878,24250.0,18,White,BMW,5 Series,USED,2018.0,21982,Saloon,False,Petrol
725,202009033270158,20600.0,18,Black,Volvo,V40,USED,2018.0,14995,Hatchback,False,Petrol
726,202009304400575,36360.0,16,Red,Audi,A4,USED,2016.0,14000,Saloon,False,Diesel
727,202010265453655,46000.0,16,Black,Porsche,Macan,USED,2016.0,32810,SUV,False,Diesel
728,202009093532082,93000.0,12,White,Audi,A1,USED,2012.0,4995,Hatchback,False,Diesel
729,202009244138369,47000.0,66,Grey,Land Rover,Range Rover Evoque,USED,2017.0,24950,SUV,False,Diesel
730,202010205216105,86150.0,65,Red,Jaguar,XE,USED,2015.0,9980,Saloon,False,Diesel
731,202009083452828,4373.0,19,Blue,Hyundai,i20,USED,2019.0,11249,Hatchback,False,Petrol
732,202010034550754,66250.0,12,Red,Nissan,Juke,USED,2012.0,5795,SUV,False,Petrol
733,202010094787182,10.0,,Grey,Vauxhall,Grandland X,NEW,,22750,SUV,False,Petrol
734,202009244165777,28263.0,15,White,Jaguar,XE,USED,2015.0,14300,Saloon,False,Diesel
735,202009163810106,3244.0,68,White,Toyota,Yaris,USED,2018.0,13777,Hatchback,False,Petrol Hybrid
736,202010094817430,20538.0,67,Silver,Vauxhall,Astra,USED,2017.0,10250,Hatchback,False,Petrol
737,202010134940559,52000.0,60,White,Vauxhall,Corsa,USED,2010.0,2789,Hatchback,False,Petrol
738,202010124908294,5400.0,19,Bronze,Subaru,Forester,USED,2019.0,24995,SUV,False,Petrol
739,202010084757898,75327.0,10,Black,Peugeot,207,USED,2010.0,1900,Hatchback,False,Petrol
740,202009224071546,55644.0,64,White,Audi,A5,USED,2014.0,16750,Coupe,False,Diesel
741,202010014453896,32300.0,07,Blue,Fiat,Panda,USED,2007.0,1695,Hatchback,False,Petrol
742,202009294334788,37335.0,68,Blue,Nissan,Juke,USED,2018.0,10298,SUV,False,Petrol
743,202010034543203,0.0,,White,Renault,Megane,NEW,,63500,Hatchback,False,Petrol
744,202009013171024,128200.0,11,Silver,Vauxhall,Insignia,USED,2011.0,299,Hatchback,False,Diesel
745,202003148410145,1900.0,20,White,Mercedes-Benz,A Class,USED,2020.0,26450,Hatchback,False,Petrol
746,202010155038628,60000.0,65,Grey,BMW,2 Series,USED,2016.0,14490,Convertible,False,Diesel
747,202009013169664,125.0,20,Grey,Kia,Stinger,USED,2020.0,26980,Hatchback,False,Diesel
748,201912215522995,0.0,,White,Hyundai,Santa Fe,NEW,,37995,SUV,False,Diesel
749,202009113612240,32910.0,17,Black,Mercedes-Benz,E Class,USED,2017.0,19374,Saloon,False,Diesel
750,202010155037209,10.0,,Grey,Mazda,Mazda3,NEW,,23990,Hatchback,False,Petrol
751,202009214001440,14769.0,17,Orange,Smart,forfour,USED,2017.0,8495,Hatchback,False,Petrol
752,202010275509647,17991.0,66,Red,Citroen,Grand C4 Picasso,USED,2016.0,12900,MPV,False,Diesel
753,202009073410893,33450.0,61,Black,Vauxhall,Corsa,USED,2011.0,5295,Hatchback,False,Petrol
754,201908070893825,3899.0,67,Black,Mercedes-Benz,CLA Class,USED,2017.0,16989,Estate,False,Petrol
755,202010084740618,31981.0,17,Grey,Audi,A5,USED,2017.0,17500,Hatchback,False,Diesel
756,202010064645686,37998.0,66,Silver,Volkswagen,Passat,USED,2016.0,12799,Saloon,False,Diesel
757,202010084766261,24507.0,17,Red,Citroen,C1,USED,2017.0,5695,Hatchback,False,Petrol
758,202010034559207,8421.0,18,White,Hyundai,i10,USED,2018.0,8570,Hatchback,False,Petrol
759,202009083456286,99000.0,62,Black,Nissan,Qashqai,USED,2012.0,4295,SUV,False,Diesel
760,202010265439838,43942.0,67,Yellow,Hyundai,Kona,USED,2018.0,12800,SUV,False,Petrol
761,202010195181681,30000.0,64,Red,Mazda,Mazda3,USED,2014.0,10795,Hatchback,False,Petrol
762,202010094783607,2707.0,18,Grey,Hyundai,i10,USED,2018.0,8695,Hatchback,False,Petrol
763,202010064682597,4408.0,19,Red,Suzuki,Baleno,USED,2019.0,7999,Hatchback,False,Petrol
764,202008272995134,28538.0,16,Red,SEAT,Ibiza,USED,2016.0,6643,Hatchback,False,Petrol
765,202008272986054,10.0,20,Black,Alfa Romeo,Giulia,USED,2020.0,36995,Saloon,False,Petrol
766,202010034559370,501.0,20,White,SEAT,Ateca,USED,2020.0,34495,SUV,False,Petrol
767,202005279579193,68000.0,59,Green,Hyundai,i20,USED,2009.0,1750,Hatchback,False,Petrol
768,202010225303336,5200.0,67,Silver,Subaru,Forester,USED,2017.0,21995,SUV,False,Petrol
769,201909182366502,5013.0,69,Black,Hyundai,i30,USED,2019.0,23999,Hatchback,False,Petrol
770,202009083480456,18870.0,65,Silver,Porsche,Cayman,USED,2016.0,71000,Coupe,False,Petrol
771,202007091063231,81500.0,57,Grey,Mercedes-Benz,C Class,USED,2007.0,2250,Coupe,False,Diesel
772,202010205226412,44285.0,66,Black,Audi,A1,USED,2016.0,10499,Hatchback,False,Petrol
773,202009274260002,21919.0,66,Red,Volkswagen,Polo,USED,2016.0,10450,Hatchback,False,Petrol
774,202010275489045,49038.0,64,Blue,BMW,3 Series,USED,2014.0,15000,Estate,False,Petrol
775,202009113598182,2500.0,20,Blue,MINI,Countryman,USED,2020.0,23000,SUV,False,Petrol
776,202003058059932,3121.0,65,Silver,Ferrari,458,USED,2015.0,549850,Convertible,False,Petrol
777,202010295587566,68390.0,65,Silver,BMW,3 Series,USED,2015.0,10995,Saloon,False,Diesel
778,202010165078026,0.0,,Green,Land Rover,Defender 110,NEW,,60775,SUV,False,Diesel
779,202009294366913,76000.0,64,Blue,SKODA,Octavia,USED,2015.0,8000,Estate,False,Diesel
780,202009023233091,9232.0,20,Blue,BMW,1 Series,USED,2020.0,23475,Hatchback,False,Petrol
781,202009244163282,48000.0,14,Silver,Toyota,Auris,USED,2014.0,7950,Hatchback,False,Petrol Hybrid
782,202009033258708,0.0,,Blue,Vauxhall,Corsa,NEW,,16000,Hatchback,False,Petrol
783,202010205222251,60000.0,10,Black,Volkswagen,Touran,USED,2010.0,4988,MPV,False,Diesel
784,202010235336173,48000.0,62,Black,Volkswagen,Phaeton,USED,2012.0,10500,Saloon,False,Diesel
785,202010014463824,117000.0,60,Grey,Volvo,V70,USED,2011.0,6300,Estate,False,Diesel
786,202009203972546,38000.0,16,Black,BMW,5 Series,USED,2016.0,21995,Estate,False,Petrol
787,202010084739903,38121.0,66,Grey,Mercedes-Benz,A Class,USED,2016.0,15495,Hatchback,False,Diesel
788,202010305620730,15919.0,67,Grey,Audi,Q3,USED,2017.0,23990,SUV,False,Diesel
789,202010034550339,52000.0,64,Black,Vauxhall,Astra,USED,2014.0,6495,Estate,False,Petrol
790,202010285514803,89984.0,11,Red,Toyota,Yaris,USED,2011.0,2995,Hatchback,False,Diesel
791,202010144977892,4.0,70,Black,Peugeot,108,USED,2020.0,10311,Hatchback,False,Petrol
792,202010195187020,36436.0,67,White,Kia,Sportage,USED,2017.0,13200,SUV,False,Petrol
793,202010144991482,47000.0,61,Red,SEAT,Ibiza,USED,2011.0,4595,Hatchback,False,Petrol
794,202011015663058,54126.0,16,Red,Volkswagen,Scirocco,USED,2016.0,9500,Coupe,False,Petrol
795,202010124926465,62000.0,58,Silver,Subaru,Forester,USED,2008.0,5448,SUV,False,Petrol
796,202003128350787,0.0,69,Grey,Jaguar,E-PACE,USED,2020.0,35995,SUV,False,Diesel
797,202010205218314,7045.0,18,White,Hyundai,i10,USED,2018.0,10500,Hatchback,False,Petrol
798,202010225295403,64000.0,15,Green,Vauxhall,Corsa,USED,2015.0,4995,Hatchback,False,Petrol
799,202009013176988,23370.0,67,Black,Audi,A1,USED,2017.0,12995,Hatchback,False,Petrol
800,202010275487529,5.0,,Brown,Volkswagen,Tiguan,NEW,,26785,SUV,False,Petrol
801,202009294366155,34655.0,16,White,Volkswagen,Golf,USED,2016.0,15350,Hatchback,False,Diesel
802,202009043312972,12513.0,18,Red,Honda,Jazz,USED,2018.0,10495,Hatchback,False,Petrol
803,202004209009323,5000.0,20,Grey,Volkswagen,Tiguan,USED,2020.0,27990,SUV,False,Diesel
804,202010205200667,2669.0,68,Grey,Renault,Clio,USED,2018.0,12785,Hatchback,False,Diesel
805,202010275489199,96000.0,13,White,Nissan,Qashqai,USED,2013.0,5590,SUV,False,Diesel
806,202010235332538,35830.0,66,Silver,Honda,Civic,USED,2016.0,9790,Hatchback,False,Petrol
807,202010034561208,20969.0,67,Green,Kia,Picanto,USED,2018.0,8237,Hatchback,False,Petrol
808,202010024521796,3670.0,19,,Toyota,Corolla,USED,2019.0,19995,Hatchback,False,Petrol Hybrid
809,202008112369391,46819.0,16,Blue,Audi,A3,USED,2016.0,15495,Hatchback,False,Diesel
810,202008011974911,17569.0,66,Red,Vauxhall,Corsa,USED,2016.0,6997,Hatchback,False,Petrol
811,202010255419052,2322.0,20,Grey,Kia,Niro,USED,2020.0,25995,SUV,False,Petrol Plug-in Hybrid
812,202009244168659,6000.0,10,,Rolls-Royce,Phantom,USED,2010.0,195000,Limousine,False,Petrol
813,202007131172675,0.0,,Red,Vauxhall,Grandland X,NEW,,28855,SUV,False,Petrol
814,202010305597814,6995.0,19,Grey,Peugeot,2008,USED,2019.0,14000,SUV,False,Petrol
815,202008272988465,88987.0,13,Grey,Land Rover,Range Rover,USED,2013.0,28950,SUV,False,Diesel
816,202010144997554,10137.0,68,Grey,SKODA,Karoq,USED,2018.0,18780,SUV,False,Diesel
817,202008042073356,5.0,,Grey,SKODA,Fabia,NEW,,18375,Estate,False,Petrol
818,202008172605146,33000.0,17,Black,Jaguar,F-PACE,USED,2017.0,23490,SUV,False,Diesel
819,202010155024198,112127.0,60,White,Audi,A4 Avant,USED,2010.0,5511,Estate,False,Diesel
820,202008062150887,0.0,,Black,Fiat,500,NEW,,12345,Hatchback,False,Petrol
821,202008182629315,95000.0,59,Black,Volvo,XC70,USED,2009.0,6790,Estate,False,Diesel
822,202009073442637,63500.0,09,White,Audi,A5 Cabriolet,USED,2009.0,8295,Convertible,False,Petrol
823,202009073413717,10.0,,White,Audi,Q2,NEW,,31245,SUV,False,Petrol
824,202004219012848,2720.0,68,Black,Ferrari,488 Pista,USED,2018.0,289000,Coupe,False,Petrol
825,202007221530638,4027.0,19,Grey,Citroen,C1,USED,2019.0,8995,Hatchback,False,Petrol
826,202010124890180,69176.0,65,Black,SEAT,Leon,USED,2015.0,7395,Hatchback,False,Petrol
827,201712292332491,12132.0,67,Grey,Volvo,V40,USED,2017.0,14795,Hatchback,False,Diesel
828,202010165087576,24182.0,18,Silver,Toyota,C-HR,USED,2018.0,18495,SUV,False,Petrol Hybrid
829,202009224051409,102000.0,16,Blue,SKODA,Superb,USED,2016.0,8495,Hatchback,False,Diesel
830,202011015663016,45881.0,15,White,Volkswagen,up!,USED,2015.0,5300,Hatchback,False,Petrol
831,202007111133414,91928.0,09,Silver,Peugeot,107,USED,2009.0,1500,Hatchback,False,Petrol
832,202010034550989,40000.0,13,Red,SKODA,Fabia,USED,2013.0,6520,Hatchback,False,Diesel
833,202010215274709,75930.0,60,Red,Vauxhall,Astra,USED,2010.0,2995,Hatchback,False,Petrol
834,202010024532601,1.0,,White,Citroen,C3 Aircross,NEW,,19820,SUV,False,Petrol
835,202010024506609,79861.0,64,Red,Volvo,V70,USED,2015.0,11495,Estate,False,Diesel
836,202008273000096,1.0,L,Orange,Audi,100,USED,1973.0,18670,Saloon,False,Petrol
837,202007131179594,10000.0,66,Red,Volkswagen,up!,USED,2016.0,7500,Hatchback,False,Petrol
838,202009143716415,18255.0,17,Grey,Jaguar,XJ,USED,2017.0,27195,Saloon,False,Diesel
839,202009083461396,56375.0,66,White,Audi,A3,USED,2016.0,11998,Hatchback,False,Petrol
840,202010275479847,27089.0,16,Red,Vauxhall,Corsa,USED,2016.0,5700,Hatchback,False,Petrol
841,202007091052247,11.0,,Grey,Suzuki,Vitara,NEW,,19699,SUV,False,Petrol Hybrid
842,202008072227222,36000.0,63,Red,Fiat,500,USED,2013.0,5175,Hatchback,False,Petrol
843,202009294359833,9623.0,19,White,Audi,A1,USED,2019.0,20350,Hatchback,False,Petrol
844,202009103576126,52000.0,63,Blue,Mazda,Mazda3,USED,2014.0,9488,Hatchback,False,Petrol
845,202010064646092,1001.0,70,Black,Nissan,X-Trail,USED,2020.0,27490,SUV,False,Diesel
846,202009173874002,12078.0,19,Blue,Vauxhall,Grandland X,USED,2019.0,15290,SUV,False,Diesel
847,202009244167979,10000.0,67,Grey,MINI,Hatch,USED,2017.0,15495,Hatchback,False,Petrol
848,201910283778449,11650.0,18,White,Honda,Civic,USED,2018.0,13989,Hatchback,False,Petrol
849,202009254212366,37952.0,66,White,BMW,1 Series,USED,2016.0,10499,Hatchback,False,Diesel
850,202010124907143,45000.0,16,Silver,Nissan,Juke,USED,2016.0,7990,SUV,False,Diesel
851,202010225287256,8640.0,67,White,Vauxhall,Insignia,USED,2017.0,12000,Hatchback,False,Petrol
852,202009073417139,40000.0,15,Orange,MINI,Hatch,USED,2015.0,13490,Hatchback,False,Petrol
853,202009234126973,27300.0,65,White,BMW,1 Series,USED,2015.0,11295,Hatchback,False,Diesel
854,202010155016601,35729.0,17,Blue,Honda,Jazz,USED,2017.0,11695,Hatchback,False,Petrol
855,202010315645172,56528.0,15,White,Audi,A5,USED,2015.0,16000,Hatchback,False,Diesel
856,202003108251711,4000.0,20,Grey,Maserati,Levante,USED,2020.0,54950,SUV,False,Petrol
857,202009304393758,16766.0,67,Red,Toyota,AYGO,USED,2017.0,7250,Hatchback,False,Petrol
858,202009133673975,37800.0,11,Black,Porsche,Boxster,USED,2011.0,16999,Convertible,False,Petrol
859,202010205215462,113000.0,61,Black,Kia,Sportage,USED,2011.0,5470,SUV,False,Diesel
860,202010205238107,73000.0,57,,Alfa Romeo,Spider,USED,2007.0,5300,Convertible,False,Petrol
861,202010225314864,16626.0,69,White,Kia,Sportage,USED,2019.0,23995,SUV,False,Diesel
862,202008283025431,0.0,,Grey,Alfa Romeo,Giulietta,NEW,,19995,Hatchback,False,Petrol
863,202010084759611,31000.0,16,Grey,Audi,A4,USED,2016.0,15795,Saloon,False,Diesel
864,202009093509342,38869.0,64,Grey,Lexus,CT 200h,USED,2014.0,12722,Hatchback,False,Petrol Hybrid
865,202010305613701,13851.0,68,Black,Hyundai,Tucson,USED,2018.0,14999,SUV,False,Petrol
866,202007301882065,28405.0,64,Blue,MINI,Countryman,USED,2014.0,10250,SUV,False,Diesel
867,202008182624145,19093.0,67,Black,Audi,A8,USED,2017.0,25299,Saloon,False,Diesel
868,202010205216650,7021.0,68,White,Mercedes-Benz,CLA Class,USED,2018.0,20188,Coupe,False,Petrol
869,202010305614850,9538.0,69,Yellow,Mercedes-Benz,A Class,USED,2019.0,33000,Hatchback,False,Petrol
870,202010144991417,27000.0,17,Blue,Audi,S3,USED,2017.0,24980,Convertible,False,Petrol
871,202010024523033,0.0,,Grey,Citroen,C3 Aircross,NEW,,19329,SUV,False,Petrol
872,202009284302403,65155.0,57,Blue,Suzuki,Grand Vitara,USED,2007.0,3295,SUV,False,Petrol
873,202010064670375,20690.0,12,Silver,Mazda,MX-5,USED,2012.0,8990,Coupe,False,Petrol
874,202009083479549,75093.0,65,Blue,Audi,A6 Allroad,USED,2016.0,18500,Estate,False,Diesel
875,202010054605045,82000.0,16,Blue,Volkswagen,Passat,USED,2016.0,9350,Saloon,False,Diesel
876,202005049178261,950.0,69,Green,Subaru,Forester,USED,2019.0,32395,SUV,False,Petrol Hybrid
877,202011015677999,60000.0,62,White,Toyota,Yaris,USED,2012.0,4199,Hatchback,False,Petrol
878,202010295585639,22311.0,18,Green,SKODA,Fabia,USED,2018.0,10699,Hatchback,False,Petrol
879,202009224055948,17211.0,17,Orange,MINI,Hatch,USED,2017.0,10800,Hatchback,False,Petrol
880,202009113627066,10417.0,18,Red,Citroen,C1,USED,2018.0,7795,Convertible,False,Petrol
881,202010275506490,5766.0,67,Blue,Nissan,Micra,USED,2017.0,9989,Hatchback,False,Petrol
882,202007311928879,0.0,,White,Mazda,CX-30,NEW,,26340,SUV,False,Petrol
883,202010315648641,28000.0,17,White,Mercedes-Benz,C Class,USED,2017.0,20995,Saloon,False,Diesel
884,202010235344010,15000.0,13,Silver,Audi,A1,USED,2013.0,9490,Hatchback,False,Petrol
885,202010245375145,0.0,,Blue,Renault,Megane,NEW,,32700,Estate,False,Petrol Hybrid
886,202010265440806,4211.0,69,Blue,Mercedes-Benz,B Class,USED,2020.0,24495,MPV,False,Petrol
887,202008032038100,80000.0,12,Silver,Audi,A6 Avant,USED,2012.0,8950,Estate,False,Diesel
888,202010185134867,39840.0,16,Silver,Kia,Ceed,USED,2016.0,8500,Hatchback,False,Petrol
889,202010034546021,10.0,70,Grey,BMW,1 Series,USED,2020.0,40332,Hatchback,False,Petrol
890,202010235349078,13900.0,17,White,Peugeot,108,USED,2017.0,7595,Convertible,False,Petrol
891,202010235328442,81938.0,18,Black,Volkswagen,Passat,USED,2018.0,14799,Estate,False,Petrol Plug-in Hybrid
892,202009213991445,69000.0,13,Blue,Nissan,Juke,USED,2013.0,6295,SUV,False,Petrol
893,202009043310580,22459.0,18,White,Volkswagen,Tiguan,USED,2018.0,18791,SUV,False,Petrol
894,202007101099311,964.0,20,Grey,Mazda,Mazda6,USED,2020.0,27250,Estate,False,Petrol
895,202010275509734,16829.0,67,Silver,Mercedes-Benz,E Class,USED,2017.0,18500,Saloon,False,Diesel
896,202010104828314,39658.0,16,Orange,Peugeot,208,USED,2016.0,6700,Hatchback,False,Petrol
897,202009193950362,92400.0,66,Black,BMW,3 Series,USED,2016.0,15495,Estate,False,Diesel
898,202010024492253,8065.0,19,,Citroen,C3,USED,2019.0,9990,Hatchback,False,Petrol
899,202010245396280,38300.0,66,Grey,BMW,X3,USED,2016.0,24995,SUV,False,Diesel
900,202008142469532,34274.0,18,Grey,Hyundai,i10,USED,2018.0,6647,Hatchback,False,Petrol
901,202009093534760,0.0,,White,Volvo,XC40,NEW,,33325,SUV,False,Diesel
902,202010295572302,34000.0,16,Grey,Renault,Grand Scenic,USED,2016.0,8899,MPV,False,Diesel
903,202010275488750,17000.0,17,Black,Audi,TT,USED,2017.0,16899,Coupe,False,Petrol
904,202010054609591,25796.0,64,Red,Toyota,Auris,USED,2014.0,8900,Hatchback,False,Petrol
905,202009023230287,7497.0,68,White,Peugeot,2008,USED,2018.0,11799,SUV,False,Petrol
906,202010295558324,14544.0,16,Grey,Citroen,C1,USED,2016.0,5500,Hatchback,False,Petrol
907,202010295567212,23626.0,19,Black,Peugeot,2008,USED,2019.0,11900,SUV,False,Petrol
908,202009304418136,65613.0,58,Blue,Vauxhall,Agila,USED,2008.0,1890,Hatchback,False,Petrol
909,202009203971759,30944.0,66,White,SKODA,Citigo,USED,2016.0,6419,Hatchback,False,Petrol
910,202009304398135,46000.0,61,Silver,Hyundai,ix35,USED,2011.0,7595,SUV,False,Diesel
911,202009173850532,72326.0,11,Red,Renault,Clio,USED,2011.0,1790,Hatchback,False,Petrol
912,202010014450234,8170.0,68,White,SEAT,Arona,USED,2018.0,14995,SUV,False,Petrol
913,202010205228024,70109.0,13,Grey,Audi,Q7,USED,2013.0,19500,SUV,False,Diesel
914,202009203966305,8000.0,18,Black,Peugeot,3008,USED,2018.0,16500,SUV,False,Petrol
915,202010155046253,87700.0,09,Red,MINI,Hatch,USED,2009.0,2490,Hatchback,False,Petrol
916,202008122376768,39778.0,14,White,Alfa Romeo,Giulietta,USED,2014.0,7499,Hatchback,False,Diesel
917,202010094787508,0.0,,Grey,Fiat,500,NEW,,12495,Hatchback,False,Petrol
918,202002257708697,12447.0,68,Grey,Vauxhall,Astra,USED,2019.0,11000,Hatchback,False,Petrol
919,202010084751030,13550.0,18,Brown,Toyota,Yaris,USED,2018.0,12500,Hatchback,False,Petrol Hybrid
920,202003078130398,12012.0,69,Red,Kia,XCeed,USED,2019.0,17499,SUV,False,Petrol
921,202010094809174,113880.0,11,Blue,Land Rover,Discovery 4,USED,2011.0,11980,SUV,False,Diesel
922,202010255404293,40000.0,14,White,Volkswagen,Passat,USED,2014.0,8975,Estate,False,Diesel
923,202007091031810,5.0,,Black,MG,MG HS,NEW,,23245,SUV,False,Petrol
924,202010275481151,0.0,,White,Renault,Captur,NEW,,31540,SUV,False,Petrol Hybrid
925,202008262955550,100000.0,11,Silver,Vauxhall,Astra,USED,2011.0,2695,Hatchback,False,Petrol
926,202010235329459,78000.0,65,Grey,Land Rover,Discovery 4,USED,2016.0,21991,SUV,False,Diesel
927,202009073424556,0.0,,White,Renault,Captur,NEW,,23500,SUV,False,Petrol
928,202006109993052,5.0,,Grey,Audi,Q3,NEW,,39952,SUV,False,Diesel
929,202010295584021,36152.0,68,Blue,Vauxhall,Astra,USED,2018.0,11198,Hatchback,False,Petrol
930,202010155049233,63500.0,62,Blue,Vauxhall,Corsa,USED,2012.0,2200,Hatchback,False,Petrol
931,202008142481872,95000.0,61,White,Citroen,DS3,USED,2012.0,3795,Hatchback,False,Diesel
932,202009224047161,46774.0,66,Blue,BMW,1 Series,USED,2016.0,14308,Hatchback,False,Diesel
933,202010235354214,39670.0,68,Black,Nissan,Qashqai,USED,2018.0,14998,SUV,False,Diesel
934,202010275509654,74285.0,17,Grey,Peugeot,308 SW,USED,2017.0,7800,Estate,False,Diesel
935,202010255415610,80000.0,14,Black,Volkswagen,Touran,USED,2014.0,7295,MPV,False,Diesel
936,202010215271301,10848.0,67,Grey,Volkswagen,Polo,USED,2017.0,13401,Hatchback,False,Petrol
937,202001286673984,3.0,,Red,Honda,CR-V,NEW,,34590,SUV,False,Petrol Hybrid
938,202011015661815,17960.0,67,White,Nissan,Juke,USED,2017.0,10799,SUV,False,Petrol
939,202009073404472,82980.0,66,Blue,Mazda,Mazda6,USED,2017.0,10390,Estate,False,Diesel
940,202010255405261,11907.0,69,Grey,SEAT,Tarraco,USED,2019.0,24495,SUV,False,Diesel
941,202007070954616,13356.0,66,White,Kia,Venga,USED,2016.0,9895,MPV,False,Petrol
942,202010275488621,876.0,20,Silver,Porsche,Taycan,USED,2020.0,141950,Saloon,False,Electric
943,201911204571078,21640.0,66,Black,Renault,Captur,USED,2016.0,7995,SUV,False,Petrol
944,202009103573566,4613.0,69,Black,Kia,Sportage,USED,2019.0,23800,SUV,False,Petrol
945,202010104849400,15799.0,68,White,Toyota,RAV4,USED,2018.0,22500,SUV,False,Petrol Hybrid
946,202010134956228,24905.0,67,Blue,Kia,Sportage,USED,2017.0,14291,SUV,False,Diesel
947,202010195182677,48181.0,16,Grey,BMW,3 Series,USED,2016.0,18990,Saloon,False,Diesel
948,202009103570984,54000.0,60,White,Lexus,IS 250,USED,2010.0,8000,Saloon,False,Petrol
949,202009294351781,20000.0,17,Red,Audi,Q2,USED,2017.0,18500,SUV,False,Diesel
950,202009294342433,22670.0,67,White,Toyota,AYGO,USED,2017.0,7798,Hatchback,False,Petrol
951,202010235363960,23561.0,68,Grey,Bentley,Continental,USED,,147500,Coupe,False,Petrol
952,202010295556850,11116.0,69,Grey,Vauxhall,Corsa,USED,2019.0,10025,Hatchback,False,Petrol
953,202010144998386,61392.0,14,Black,Renault,Captur,USED,2014.0,6690,SUV,False,Diesel
954,202010235353740,12500.0,67,Grey,Citroen,C4 Cactus,USED,2017.0,9490,Hatchback,False,Petrol
955,202010215263938,11000.0,67,Red,Mazda,Mazda2,USED,2017.0,8795,Hatchback,False,Petrol
956,202009083488785,32868.0,16,Black,Jaguar,XE,USED,2016.0,12195,Saloon,False,Diesel
957,202010084765295,89085.0,53,Black,Jaguar,XJ,USED,2003.0,10995,Saloon,False,Petrol
958,202009244157795,70090.0,64,Grey,Nissan,Qashqai,USED,2014.0,9500,SUV,False,Diesel
959,202010134933564,30488.0,18,White,SsangYong,Korando,USED,2018.0,14495,SUV,False,Diesel
960,202010235355216,53016.0,61,Grey,Toyota,RAV4,USED,2011.0,10995,SUV,False,Petrol
961,202011015672468,26000.0,18,Blue,MINI,Hatch,USED,2018.0,14900,Hatchback,False,Petrol
962,202010205227517,99074.0,11,,Renault,Clio,USED,2011.0,1890,Estate,False,Petrol
963,202010305617395,35362.0,67,Grey,MINI,Clubman,USED,2017.0,15995,Estate,False,Petrol
964,201907089844953,13352.0,19,Blue,Volvo,V60,USED,2019.0,28280,Estate,False,Diesel
965,202007060927427,146226.0,63,Red,Mazda,Mazda5,USED,2013.0,3699,MPV,False,Petrol
966,202009284305817,22604.0,68,Black,Vauxhall,Corsa,USED,2018.0,8899,Hatchback,False,Petrol
967,202007081008313,58000.0,12,Silver,Audi,A5 Cabriolet,USED,2012.0,11000,Convertible,False,Diesel
968,202010155050243,58327.0,63,Red,Mercedes-Benz,B Class,USED,2014.0,8495,Hatchback,False,Petrol
969,202009304406659,110000.0,10,Grey,Toyota,Urbancruiser,USED,2010.0,2690,Hatchback,False,Diesel
970,202008212784390,76021.0,14,Blue,Vauxhall,Astra,USED,2014.0,4495,Hatchback,False,Diesel
971,202010165080103,29000.0,16,Silver,Nissan,X-Trail,USED,2016.0,16750,SUV,False,Diesel
972,202010074691461,39558.0,17,,MINI,Convertible,USED,2017.0,12499,Convertible,False,Diesel
973,202009143707408,99000.0,T,Blue,MG,MGB GT,USED,1979.0,9500,Coupe,False,Petrol
974,202010235351754,0.0,,Grey,Dacia,Sandero Stepway,NEW,,12159,Hatchback,False,Petrol
975,202010305617571,45010.0,65,Silver,Toyota,Auris,USED,2015.0,12495,Estate,False,Petrol Hybrid
976,202010134929045,21129.0,67,White,Toyota,AYGO,USED,2017.0,7350,Hatchback,False,Petrol
977,202009224057136,105000.0,12,Blue,BMW,3 Series,USED,2012.0,5950,Coupe,False,Petrol
978,202009294361998,48737.0,17,Gold,Volvo,V40,USED,2017.0,11000,Hatchback,False,Petrol
979,202010094803819,83000.0,16,Black,Audi,A6 Avant,USED,2016.0,19995,Estate,False,Diesel
980,202010134962819,22996.0,64,Black,Vauxhall,Corsa,USED,2014.0,3990,Hatchback,False,Diesel
981,202010285523450,35140.0,65,Black,BMW,i3,USED,2016.0,16299,Hatchback,False,Petrol Hybrid
982,202009053346942,19498.0,67,Black,Suzuki,Vitara,USED,2018.0,9795,SUV,False,Petrol
983,202009043322483,10231.0,19,Grey,Citroen,C4 Cactus,USED,2019.0,12000,Hatchback,False,Petrol
984,202010074709324,95000.0,64,Silver,Mercedes-Benz,C Class,USED,2014.0,11981,Estate,False,Diesel
985,202010144978667,49487.0,14,Grey,BMW,2 Series,USED,2014.0,16490,Coupe,False,Petrol
986,202007231607517,45000.0,14,Black,Jaguar,XF,USED,2014.0,15500,Saloon,False,Diesel
987,202010165091591,109000.0,65,Grey,BMW,3 Series,USED,2015.0,7950,Saloon,False,Diesel
988,202008142477705,2000.0,20,White,Audi,A5,USED,2020.0,27990,Hatchback,False,Diesel
989,202010305616898,32574.0,17,White,Jaguar,XF,USED,2017.0,17575,Saloon,False,Diesel
990,202007060912058,0.0,,Blue,Toyota,C-HR,NEW,,29470,SUV,False,Petrol Hybrid
991,202009214013577,28137.0,17,Blue,Vauxhall,Astra,USED,2017.0,8995,Estate,False,Diesel
992,202009234120254,109595.0,54,Black,MINI,Hatch,USED,2005.0,995,Hatchback,False,Petrol
993,202010305603863,64733.0,13,White,Volkswagen,up!,USED,2013.0,3990,Hatchback,False,Petrol
994,202010305613250,77000.0,11,Black,Volvo,V50,USED,2011.0,5399,Estate,False,Diesel
995,202010104846683,64000.0,62,Black,Nissan,Juke,USED,2012.0,5995,SUV,False,Diesel
996,202010295575932,40000.0,66,Silver,Mercedes-Benz,A Class,USED,2016.0,13995,Hatchback,False,Diesel
997,202003168485380,2351.0,20,Red,Jaguar,XF,USED,2020.0,28480,Saloon,False,Diesel
998,202010215269632,33000.0,12,Blue,Citroen,C5,USED,2012.0,7995,Estate,False,Diesel
999,202009284314954,6181.0,69,Grey,SKODA,Karoq,USED,2019.0,20490,SUV,False,Petrol
